-- phpMyAdmin SQL Dump
-- version 5.0.2
-- https://www.phpmyadmin.net/
--
-- Máy chủ: 127.0.0.1
-- Thời gian đã tạo: Th8 04, 2020 lúc 06:05 PM
-- Phiên bản máy phục vụ: 10.4.11-MariaDB
-- Phiên bản PHP: 7.4.6

SET SQL_MODE = "NO_AUTO_VALUE_ON_ZERO";
START TRANSACTION;
SET time_zone = "+00:00";


/*!40101 SET @OLD_CHARACTER_SET_CLIENT=@@CHARACTER_SET_CLIENT */;
/*!40101 SET @OLD_CHARACTER_SET_RESULTS=@@CHARACTER_SET_RESULTS */;
/*!40101 SET @OLD_COLLATION_CONNECTION=@@COLLATION_CONNECTION */;
/*!40101 SET NAMES utf8mb4 */;

--
-- Cơ sở dữ liệu: `database`
--

-- --------------------------------------------------------

--
-- Cấu trúc bảng cho bảng `categories`
--

CREATE TABLE `categories` (
  `id` int(10) UNSIGNED NOT NULL,
  `name` varchar(255) COLLATE utf8mb4_unicode_ci NOT NULL,
  `slug` varchar(255) COLLATE utf8mb4_unicode_ci NOT NULL,
  `created_at` timestamp NULL DEFAULT NULL,
  `updated_at` timestamp NULL DEFAULT NULL
) ENGINE=InnoDB DEFAULT CHARSET=utf8mb4 COLLATE=utf8mb4_unicode_ci;

--
-- Đang đổ dữ liệu cho bảng `categories`
--

INSERT INTO `categories` (`id`, `name`, `slug`, `created_at`, `updated_at`) VALUES
(1, 'Phòng trọ cho thuê', 'phong-tro-cho-thue', NULL, NULL),
(2, 'Ở ghép', 'o-ghep', NULL, NULL),
(3, 'Nhà nguyên căn', 'nha-nguyen-can', NULL, NULL),
(4, 'Chung cư', 'chung-cu', NULL, NULL);

-- --------------------------------------------------------

--
-- Cấu trúc bảng cho bảng `districts`
--

CREATE TABLE `districts` (
  `id` int(10) UNSIGNED NOT NULL,
  `name` varchar(255) COLLATE utf8mb4_unicode_ci NOT NULL,
  `slug` varchar(255) COLLATE utf8mb4_unicode_ci NOT NULL,
  `created_at` timestamp NULL DEFAULT NULL,
  `updated_at` timestamp NULL DEFAULT NULL
) ENGINE=InnoDB DEFAULT CHARSET=utf8mb4 COLLATE=utf8mb4_unicode_ci;

--
-- Đang đổ dữ liệu cho bảng `districts`
--

INSERT INTO `districts` (`id`, `name`, `slug`, `created_at`, `updated_at`) VALUES
(1, 'Hai Bà Trưng', 'Hai Bà Trưng', '2020-07-19 17:11:26', '2020-07-19 17:11:26'),
(2, 'Hoàn Kiếm', 'Hoàn Kiếm', '2020-07-19 17:17:31', '2020-07-19 17:17:31'),
(3, 'Đống Đa', 'Đống Đa', '2020-07-19 17:18:50', '2020-07-19 17:18:50'),
(4, 'Ba Đình', 'ba dinh', '2020-07-19 17:19:46', '2020-07-19 17:19:46'),
(5, 'Hoàng Mai', 'Hoàng Mai', '2020-07-19 17:21:23', '2020-07-19 17:21:23'),
(6, 'Cầu Giấy', 'cau giay', '2020-07-19 17:23:13', '2020-07-19 17:23:13'),
(7, 'Bắc Từ Liêm', 'Bắc Từ Liêm', '2020-07-19 17:23:13', '2020-07-19 17:23:13'),
(8, 'Nam Từ Liêm', 'Nam Từ Liêm', '2020-07-19 17:23:13', '2020-07-19 17:23:13'),
(9, 'Long Biên', 'Long Biên', '2020-07-19 17:23:13', '2020-07-19 17:23:13'),
(10, 'Tây Hồ', 'Tây Hồ', '2020-07-19 17:23:13', '2020-07-19 17:23:13'),
(11, 'Thanh Xuân', 'Thanh Xuân', '2020-07-19 17:23:13', '2020-07-19 17:23:13'),
(12, 'Hà Đông', 'Hà Đông', '2020-07-19 17:23:13', '2020-07-19 17:23:13');

-- --------------------------------------------------------

--
-- Cấu trúc bảng cho bảng `migrations`
--

CREATE TABLE `migrations` (
  `id` int(10) UNSIGNED NOT NULL,
  `migration` varchar(255) COLLATE utf8mb4_unicode_ci NOT NULL,
  `batch` int(11) NOT NULL
) ENGINE=InnoDB DEFAULT CHARSET=utf8mb4 COLLATE=utf8mb4_unicode_ci;

--
-- Đang đổ dữ liệu cho bảng `migrations`
--

INSERT INTO `migrations` (`id`, `migration`, `batch`) VALUES
(1, '2014_10_12_000000_create_users_table', 1),
(2, '2014_10_12_100000_create_password_resets_table', 1),
(3, '2018_03_11_083541_create_table_motel_rooms', 1),
(4, '2018_03_11_085624_create_table_districts', 1),
(5, '2018_03_11_085744_create_table_categories', 1),
(6, '2018_04_22_122641_add_column__status_for_user', 1),
(7, '2018_04_22_152143_add_ondelete_cascade_for_motelroom', 1),
(8, '2018_05_06_030849_add_col_phone_for__motelroom_table', 1),
(9, '2018_05_12_063610_add_column_approve_for_motelroom', 1),
(10, '2018_05_13_064120_add_table_report', 1),
(11, '2018_05_19_033745_add_column_slug_table_motelroom', 1);

-- --------------------------------------------------------

--
-- Cấu trúc bảng cho bảng `motelrooms`
--

CREATE TABLE `motelrooms` (
  `id` int(10) UNSIGNED NOT NULL,
  `title` varchar(255) COLLATE utf8mb4_unicode_ci NOT NULL,
  `description` text COLLATE utf8mb4_unicode_ci NOT NULL,
  `price` int(11) NOT NULL,
  `area` int(11) NOT NULL,
  `count_view` int(11) NOT NULL,
  `address` varchar(255) COLLATE utf8mb4_unicode_ci NOT NULL,
  `latlng` varchar(255) COLLATE utf8mb4_unicode_ci NOT NULL,
  `images` varchar(255) COLLATE utf8mb4_unicode_ci NOT NULL,
  `user_id` int(10) UNSIGNED NOT NULL,
  `category_id` int(11) NOT NULL,
  `district_id` int(11) NOT NULL,
  `utilities` varchar(255) COLLATE utf8mb4_unicode_ci NOT NULL,
  `status` int(11) NOT NULL,
  `created_at` timestamp NULL DEFAULT NULL,
  `updated_at` timestamp NULL DEFAULT NULL,
  `phone` varchar(255) COLLATE utf8mb4_unicode_ci NOT NULL,
  `approve` int(11) NOT NULL DEFAULT 0,
  `slug` varchar(255) COLLATE utf8mb4_unicode_ci NOT NULL
) ENGINE=InnoDB DEFAULT CHARSET=utf8mb4 COLLATE=utf8mb4_unicode_ci;

--
-- Đang đổ dữ liệu cho bảng `motelrooms`
--

INSERT INTO `motelrooms` (`id`, `title`, `description`, `price`, `area`, `count_view`, `address`, `latlng`, `images`, `user_id`, `category_id`, `district_id`, `utilities`, `status`, `created_at`, `updated_at`, `phone`, `approve`, `slug`) VALUES
(8, 'Nha tro', 'hello', 2000000, 20, 10, '9 Ngõ 65 Mai Dịch, Mai Dịch, Cầu Giấy, Hà Nội, Việt Nam', '{\"0\":\"21.03955893047707\",\"1\":\"105.77361866113282\"}', '{\"0\":\"phongtro-iCu0r-17579884_631347317053826_1412307032_n.jpg\"}', 6, 1, 3, '{\"0\":\"Wifi mi\\u1ec5n ph\\u00ed\",\"1\":\"C\\u00f3 g\\u00e1c l\\u1eedng\",\"2\":\"T\\u1ee7 + gi\\u01b0\\u1eddng\",\"3\":\"Kh\\u00f4ng chung ch\\u1ee7\",\"4\":\"V\\u1ec7 sinh ri\\u00eang\",\"5\":\"V\\u1ec7 sinh chung\"}', 1, '2020-07-15 20:45:08', '2020-07-16 00:43:59', '0123423232', 0, 'nha-tro'),
(10, 'lolllll', 'ki', 120000, 15, 25, 'soo2, Lê Quang Đạo, Mễ Trì, Từ Liêm, Hà Nội, Việt Nam', '{\"0\":\"21.018088280337526\",\"1\":\"105.76606556054688\"}', '{\"0\":\"phongtro-Ng5Yq-99113346_993522711066669_5445303268949360640_n.jpg\"}', 6, 1, 1, '{\"0\":\"C\\u00f3 g\\u00e1c l\\u1eedng\",\"1\":\"Gi\\u1edd gi\\u1ea5c t\\u1ef1 do\",\"2\":\"V\\u1ec7 sinh chung\"}', 0, '2020-07-16 00:33:01', '2020-07-26 09:06:28', '09877313', 0, 'lolllll'),
(11, 'qx', '12', 1121212, 1212, 0, '12 Ngõ 144 Mai Dịch, Mai Dịch, Cầu Giấy, Hà Nội, Việt Nam', '{\"0\":\"21.04404494421805\",\"1\":\"105.77636524316407\"}', '{\"0\":\"phongtro-EnUrp-fd6cd73f097fe021b96e.jpg\"}', 10, 1, 3, '{\"0\":\"T\\u1ee7 + gi\\u01b0\\u1eddng\",\"1\":\"Gi\\u1edd gi\\u1ea5c t\\u1ef1 do\"}', 1, '2020-07-16 03:20:11', '2020-07-19 11:04:36', '12121212', 0, 'qx'),
(12, 'Cho thuê phòng trọ 28m2 ngõ 381 Nguyễn Khang, giờ giấc tự do', 'Phòng đẹp, rộng rãi, sạch sẽ, đầy đủ tiện nghi cao cấp, nằm ở số 8B, ngách 80 ngõ 381 Nguyễn Khang, Yên Hòa, Cầu Giấy.\r\n\r\n*phòng 28m2\r\n\r\n- Nội thất: Điều hòa, Giường, tủ quần áo, rèm cửa, kệ bếp, hệ thống nhà vệ sinh đầy đủ...\r\n\r\n- giá cho thuê: 3,4 triệu/tháng\r\n\r\n*phòng 28m2\r\n\r\n- Nội thất: Điều hòa, Giường, tủ quần áo, rèm cửa, kệ bếp, hệ thống nhà vệ sinh đầy đủ...\r\n\r\n- giá cho thuê: 3,6 triệu/tháng\r\n\r\nChỗ giữ xe rộng rãi, đảm bảo an toàn.\r\n\r\nGiờ giấc đi lại thoải mái, nhà có lắp khóa vân tay nên chỉ người trong nhà mới đi ra vào được.\r\n\r\nƯu tiên hộ gia đình, người đi làm, nhóm bạn bè ở 2 3 người.\r\n\r\nDiện tích: 28m2.\r\n\r\nGiá cho thuê: 3,4tr, 3.6 triệu/tháng.\r\n\r\nLiên hệ chủ nhà:0985.466.872\r\n\r\n---------------------------------------------\r\n\r\n☎️ Điện thoại liên hệ: 0985466872', 3400000, 28, 20, 'số 11 Ngõ 381 Nguyễn Khang, Yên Hoà, Cầu Giấy, Hà Nội, Việt Nam', '{\"0\":\"21.0272916\",\"1\":\"105.7970669\"}', '{\"0\":\"phongtro-r2Not-\\u1ea2nh 1.jpg\"}', 1, 1, 6, '{\"0\":\"Wifi mi\\u1ec5n ph\\u00ed\",\"1\":\"C\\u00f3 g\\u00e1c l\\u1eedng\",\"2\":\"T\\u1ee7 + gi\\u01b0\\u1eddng\",\"3\":\"Kh\\u00f4ng chung ch\\u1ee7\",\"4\":\"V\\u1ec7 sinh ri\\u00eang\",\"5\":\"Gi\\u1edd gi\\u1ea5c t\\u1ef1 do\"}', 0, '2020-07-19 10:37:54', '2020-08-04 08:44:18', '0985466872', 1, 'cho-thue-phong-tro-28m2-ngo-381-nguyen-khang-gio-giac-tu-do'),
(13, 'Cho thuê phòng trọ phố Trung hòa,khép kín,dt 35m2.Thanh toán 1 tháng 1 lần', 'Phòng đầy đủ tiện nghi 34 Vũ Phạm Hàm - Trung Hòa (Cầu Giấy). DT 35m2.\r\n\r\nNhà mình 5 tầng ngay phố Trung Hòa cách siêu thị BigC 800m.\r\n\r\nPhòng đầy đủ tiện nghi khép kín bao gồm.\r\n\r\n1. Điều hoà.\r\n\r\n2. Chỗ phơi đồ tại phòng riêng rẽ không chung đụng...\r\n\r\n3. WC khép kín đầy đủ thiết bị vệ sinh, bình nóng lạnh.\r\n\r\nChỉ việc xách vali đến ở.\r\n\r\nDiện tích các phòng 35m2.\r\n\r\nPhòng có ban công cửa sổ rất thoáng,\r\n\r\nÁnh sáng ngập tràn.\r\n\r\nAn ninh tốt, vị trí trung tâm giữa cầu giấy, đống đa, thanh xuân.\r\n\r\nPhí Dịch vụ:\r\n\r\nNước: 100k/ người.\r\n\r\nNet: 50k/phòng.\r\n\r\nĐiện: 3,8k/ số.\r\n\r\nPhù hợp Sinh viên Người đi làm và hộ gia đình.(có thể ở 3 đến 4 người )\r\n\r\nGiờ giấc thoải mái có chìa khóa cổng riêng, không chung chủ.\r\n\r\nCó thể vào ở ngay.\r\n\r\nLiên hệ chị Hạnh: 0986292994\r\n\r\n---------------------------------------------\r\n\r\n☎️ Điện thoại liên hệ: 0986292994', 3500000, 35, 8, '34 Vũ Phạm Hàm, Trung Hoà, Cầu Giấy, Hà Nội, Việt Nam', '{\"0\":\"21.0152933\",\"1\":\"105.7974417\"}', '{\"0\":\"phongtro-JxIc8-cho-thue-nha-khep-kin-0dbxv.jpg\"}', 1, 1, 6, '{\"0\":\"Wifi mi\\u1ec5n ph\\u00ed\",\"1\":\"C\\u00f3 g\\u00e1c l\\u1eedng\",\"2\":\"T\\u1ee7 + gi\\u01b0\\u1eddng\",\"3\":\"Gi\\u1edd gi\\u1ea5c t\\u1ef1 do\",\"4\":\"V\\u1ec7 sinh chung\"}', 0, '2020-07-19 10:40:25', '2020-08-04 08:12:17', '0986292994', 1, 'cho-thue-phong-tro-pho-trung-hoa-khep-kin-dt-35m2-thanh-toan-1-thang-1-lan'),
(14, 'Tìm nữ ở ghép phòng free sạch đẹp', 'Hiện mình vừa ra Hà nội làm việc. Cần tìm bạn nữ ở ghép trên đường trần quốc vượng, phòng có gác lửng. Sạch đẹp.\r\n\r\n---------------------------------------------\r\n\r\n☎️ Điện thoại liên hệ: 0948338716', 1500000, 20, 14, '56 Ng. 63 Trần Quốc Vượng, Dịch Vọng Hậu, Cầu Giấy, Hà Nội, Việt Nam', '{\"0\":\"21.0337361\",\"1\":\"105.7857975\"}', '{\"0\":\"phongtro-bFgiH-621-37-vu-tong-phan-phuong-khuong-trung-quan-thanh-xuan-thanh-pho-ha-noi-000044593002.jpg\"}', 1, 2, 6, '{\"0\":\"Wifi mi\\u1ec5n ph\\u00ed\",\"1\":\"Kh\\u00f4ng chung ch\\u1ee7\",\"2\":\"Gi\\u1edd gi\\u1ea5c t\\u1ef1 do\"}', 0, '2020-07-19 10:42:40', '2020-08-04 08:40:07', '0948338716', 1, 'tim-nu-o-ghep-phong-free-sach-dep'),
(15, 'Cho Thuê Nhà số 1 Ngõ 4, Phố Tây Trà, quận Hoàng Mai, TP Hà Nội', 'Cho thuê nhà 5 tầng, điện tích sàn 28 m2, diện tích sử dụng 130 m2.\r\n\r\n- Tổng số phòng:\r\n\r\n+ 01 phòng Khách\r\n\r\n+ 04 phòng ngủ: 2 phòng diện tích 25 m2 và 2 phòng diện tích 15 m2\r\n\r\n+ 01 phòng thờ\r\n\r\n- Số phòng vệ sinh: 4 phòng\r\n\r\n- Ngõ ô tô đỗ cửa, Cách mặt đường chính Phố Tây Trà 15m. Cách đường Lĩnh Nam 60m\r\n\r\n- Giá cho thuê: 5 triệu/tháng\r\n\r\n- Công tơ điện,nước riêng biệt theo đơn giá hộ gia đình\r\n\r\n---------------------------------------------\r\n\r\n☎️ Điện thoại liên hệ: 0912900468', 5000000, 130, 13, '79 Tây Trà, Trần Phú, Hoàng Mai, Hà Nội, Việt Nam', '{\"0\":\"20.9755695\",\"1\":\"105.8842316\"}', '{\"0\":\"phongtro-tSb8Z-46-nam-ngu-phuong-phuc-tan-quan-hoan-kiem-thanh-pho-ha-noi-000043341006.jpg\"}', 1, 3, 5, '{\"0\":\"T\\u1ee7 + gi\\u01b0\\u1eddng\",\"1\":\"Wifi mi\\u1ec5n ph\\u00ed\",\"2\":\"Chung ch\\u1ee7\",\"3\":\"V\\u1ec7 sinh ri\\u00eang\",\"4\":\"Gi\\u1edd gi\\u1ea5c t\\u1ef1 do\"}', 0, '2020-07-19 10:46:44', '2020-08-04 08:27:17', '0912900468', 1, 'cho-thue-nha-so-1-ngo-4-pho-tay-tra-quan-hoang-mai-tp-ha-noi'),
(16, 'Cho nhà riêng tại Trung Văn (gần trường Olympia)', '- Do không có nhu cầu sử dụng nên muốn cho thuê lại.\r\n\r\n- Nhà có 2 tầng :\r\n\r\n+ Tầng 1 : 1 ngủ,1 khách,1 vs, bếp.\r\n\r\n+ Tầng 2 : 1 ngủ ,vs trong phòng,sân phơi.\r\n\r\n- Nội thất : đã có điều hòa,nóng lạnh,giường,tủ,...\r\n\r\n- Đường ra vào rộng đỗ xe thoải mái.\r\n\r\n- Nhà ở khu cán bộ về hưu,yên tĩnh,an ninh tốt\r\n\r\n---------------------------------------------\r\n\r\n☎️ Điện thoại liên hệ: 0988367162', 10000000, 50, 2, '3 Trung Văn, Nam Từ Liêm, Hà Nội, Việt Nam', '{\"0\":\"20.9923465\",\"1\":\"105.7806001\"}', '{\"0\":\"phongtro-BN25i-ac4a12b8135df403ad4c_1593831734.jpg\"}', 1, 3, 8, '{\"0\":\"Wifi mi\\u1ec5n ph\\u00ed\",\"1\":\"T\\u1ee7 + gi\\u01b0\\u1eddng\",\"2\":\"Kh\\u00f4ng chung ch\\u1ee7\",\"3\":\"V\\u1ec7 sinh ri\\u00eang\",\"4\":\"Gi\\u1edd gi\\u1ea5c t\\u1ef1 do\"}', 0, '2020-07-19 10:51:59', '2020-08-04 08:06:11', '0988367162', 1, 'cho-nha-rieng-tai-trung-van-gan-truong-olympia'),
(17, 'Cho thuê nhà nguyên căn giá rẻ gần Xuân Diệu quận Tây Hồ, 12tr/tháng (có hình thực tế)', 'Cho thuê nhà nguyên căn giá rẻ gần Xuân Diệu quận Tây Hồ, 12tr/tháng (có hình thực tế)\r\n\r\nCho thuê nhà nguyên căn tại đường Nghi Tàm, phường Quảng An, quận Tây Hồ, Hà Nội.\r\n\r\nDiện tích 54m2 x 4 tầng, có 5 phòng ngủ riêng biệt. Gần đường Xuân Diệu, khu vực tập trung nhiều người nước ngoài sinh sống.\r\n\r\nKhu nhà yên tĩnh, hàng xóm thân thiện, có nhiều cây xanh, an ninh. Ưu tiên cho anh chị nào có thiện chí thuê lâu dài.\r\n\r\nGiá cho thuê: 12tr/tháng (thương lượng)\r\n\r\nLink xem nhà thực tế: https://viewer.divein.studio/story/2RR-rgG\r\n\r\nLiên hệ: 0898080434\r\n\r\n---------------------------------------------\r\n\r\n☎️ Điện thoại liên hệ: 0898080434', 12000000, 54, 0, '47duong Nghi Tàm, Yên Phụ, Tây Hồ, Hà Nội, Việt Nam', '{\"0\":\"21.0516937\",\"1\":\"105.8388017\"}', '{\"0\":\"phongtro-QfK1X-anh-dai-dien_1594785522.jpg\"}', 1, 3, 10, '{\"0\":\"Wifi mi\\u1ec5n ph\\u00ed\",\"1\":\"Kh\\u00f4ng chung ch\\u1ee7\",\"2\":\"V\\u1ec7 sinh ri\\u00eang\",\"3\":\"Gi\\u1edd gi\\u1ea5c t\\u1ef1 do\"}', 0, '2020-07-19 10:55:24', '2020-07-19 10:59:13', '0898080434', 1, 'cho-thue-nha-nguyen-can-gia-re-gan-xuan-dieu-quan-tay-ho-12tr-thang-co-hinh-thuc-te'),
(18, 'Cho thuê nhà nguyên căn tại Đường Hạ Hồi Quận Hoàn Kiếm Trung Tâm Hà Nội', '- Liên hệ : 0397075286 (Mr.Vinh)\r\n\r\n- Địa chỉ nhà : 36 Hạ Hồi, Trần Hưng Đạo, Hoàn Kiếm\r\n\r\n- 15.000.000vnd/tháng\r\n\r\n- Đầy đủ nóng lạnh, điều hoà, tủ lạnh, bếp nấu, giường,...\r\n\r\n- Trong khu tập thể, có camera an ninh 24/7\r\n\r\n- 3 phòng ngủ, 1 khu vực bếp, 2 khu vực ngoài trời mát mẻ và thoáng đãng.\r\n\r\n- Không chung chủ, giờ giấc thoải mái\r\n\r\n- Diện tích lên tới 200m2\r\n\r\n---------------------------------------------\r\n\r\n☎️ Điện thoại liên hệ: 0397075286', 15000000, 200, 0, '34 Xóm Hà Hồi, Trần Hưng Đạo, Hoàn Kiếm, Hà Nội, Việt Nam', '{\"0\":\"21.0209729\",\"1\":\"105.8467525\"}', '{\"0\":\"phongtro-i0Dxo-nhatro_06.png\"}', 1, 3, 2, '{\"0\":\"Kh\\u00f4ng chung ch\\u1ee7\",\"1\":\"Gi\\u1edd gi\\u1ea5c t\\u1ef1 do\",\"2\":\"V\\u1ec7 sinh ri\\u00eang\"}', 0, '2020-07-19 10:58:43', '2020-07-19 10:59:16', '0397075286', 1, 'cho-thue-nha-nguyen-can-tai-duong-ha-hoi-quan-hoan-kiem-trung-tam-ha-noi'),
(19, 'TÌM NAM Ở GHÉP ĐỦ ĐỒ FREE ĐIỆN NƯỚC - 275 NGUYỄN TRÃI', 'Căn hộ cho thuê dạng homestay ở ghép, đầy đủ đồ dung và tiện ích, chỉ việc xách vali đến ở, phù hợp với sinh viên, người mới đi làm\r\n\r\nĐịa chỉ: chung cư Golden Land – 275 Nguyễn Trãi – Thanh Xuân – Hà Nội (đối diện trường ĐH khoa học Tự Nhiên, trường Nhân Văn)\r\n\r\n-> Phù hợp với các bạn sinh viên, người mới đi làm vui vẻ hòa đồng\r\n\r\nKhông gian hiện đại, đầy đủ tiện nghi, môi trường sống dân trí cao, thời gian đi lại thoải mái.\r\n\r\nGIÁ SIÊU RẺ:\r\n\r\n- phòng nam 3 giường tầng GIÁ 1.700.000/Người/Tháng\r\n\r\n(cam kết ở từ 6 tháng trở lên giảm còn 1,6 triệu/ng/tháng)\r\n\r\nCọc 1 tháng đóng tiền 1 tháng một\r\n\r\nGiá trên đã bao gồm toàn bộ các chi phí: điện, nước sạch mạng internet, nước uống,\r\n\r\ncó người dọn tổng vệ sinh hàng tuần\r\n\r\n- Căn hộ nằm tại khu đô thị cao cấp đảm bảo an ninh, sạch sẽ, thuận tiện giao thông\r\n\r\nTIỆN ÍCH TẦNG 1: Siêu thị, phòng tập GYM, bể bơi, ngân hàng...\r\n\r\n- Mỗi người có 1 tủ có khóa riêng\r\n\r\n- Bếp, tủ bếp , nồi niêu bát đĩa\r\n\r\n- TIVI 40 inch, 2 Tủ lạnh , 2 máy giặt , bình nóng lạnh, điều hòa\r\n\r\n- Bình lọc nước uống tại vòi (khỏi mất công đi đổi nước và tốn chi phí)\r\n\r\nCác bạn quan tâm vui lòng liên hệ chính chủ để đi xem nhà\r\n\r\nNÓI KHÔNG VỚI THU PHÍ ĐI XEM HOẶC THUÊ\r\n\r\nLH: 0901498666 (fb, zalo, viber, imessage)\r\n\r\n---------------------------------------------\r\n\r\n☎️ Điện thoại liên hệ: 0901498666', 1700000, 30, 6, '150 Nguyễn Trãi, Thanh Xuân Bắc, Thanh Xuân, Hà Nội, Việt Nam', '{\"0\":\"20.9901967\",\"1\":\"105.8012922\"}', '{\"0\":\"phongtro-M6Crr-\\u1ede gh\\u00e9p TX.jpg\"}', 11, 2, 11, '{\"0\":\"Wifi mi\\u1ec5n ph\\u00ed\",\"1\":\"C\\u00f3 g\\u00e1c l\\u1eedng\",\"2\":\"Kh\\u00f4ng chung ch\\u1ee7\",\"3\":\"Gi\\u1edd gi\\u1ea5c t\\u1ef1 do\",\"4\":\"V\\u1ec7 sinh ri\\u00eang\"}', 1, '2020-07-21 07:53:20', '2020-08-03 19:32:30', '0901498666', 1, 'tim-nam-o-ghep-du-do-free-dien-nuoc-275-nguyen-trai'),
(20, 'Cho thuê căn C8 – Thăng Long Yên Hoà Có trang bị một số nội thất cơ bản', 'Cho thuê căn C8 – Thăng Long Yên Hoà\r\n\r\nDiện tích: 70m2\r\n\r\nThiết kế gồm 1 phòng khách, 1 bếp, 2 phòng ngủ, 2 vệ sinh, ban công đông nam thoáng đãng, cực mát.\r\n\r\nNội thất: Sàn gỗ, trần thạch cao, rèm cửa, nóng lạnh, vách tắm kính, tủ bếp, 03 điều hoà, tủ lạnh, máy giặt…\r\n\r\nTòa nhà tọa lạc tại vị trí trung tâm, mặt đường lớn. Tòa nhà nằm ở cạnh trường chất lượng cao Nguyễn Siêu (nhiều gia đình về đây ở rất tiện cho các con đi học mà không phải đưa đón), xung quanh nhiều trường công chất lượng (mầm non, tiểu học, THCS Yên Hoà, TH Trung Yên, TH Nam Trung Yên), gần chợ, gần Big C, bến xe, cạnh đường đôi Trung Kính, tiện giao thông...\r\n\r\nTòa nhà có trang bị đầy đủ các tiện ích cao cấp, hầm để xe, nhà hàng, quán café, tiệm bánh Pháp, trường mầm non, trung tâm tiếng anh, và khu gym, spa, bể bơi bốn mùa. An ninh đảm bảo, phí dịch vụ rẻ.\r\n\r\nCho thuê ổn định và lâu dài - Liên hệ chủ nhà: 07.888.666.00\r\n\r\n---------------------------------------------\r\n\r\n☎️ Điện thoại liên hệ: 0788866600', 7000000, 70, 0, '99 Mạc Thái Tổ, Yên Hoà, Cầu Giấy, Hà Nội, Việt Nam', '{\"0\":\"21.0175758\",\"1\":\"105.7904625\"}', '{\"0\":\"phongtro-eI2sG-5-3.jpg\"}', 10, 4, 6, '{\"0\":\"Wifi mi\\u1ec5n ph\\u00ed\",\"1\":\"T\\u1ee7 + gi\\u01b0\\u1eddng\",\"2\":\"Gi\\u1edd gi\\u1ea5c t\\u1ef1 do\",\"3\":\"V\\u1ec7 sinh ri\\u00eang\"}', 0, '2020-07-21 09:26:38', '2020-07-21 09:41:36', '0788866600', 1, 'cho-thue-can-c8-thang-long-yen-hoa-co-trang-bi-mot-so-noi-that-co-ban'),
(21, 'Cho thuê căn hộ khép kín ở Mai Dịch, Cầu Giấy. Khu quân đội nên rất an ninh, yên tĩnh.', '• Không chung chủ, tự do về thời gian\r\n\r\n• Phù hợp với người đi làm, hộ gia đình nhỏ hoặc làm văn phòng\r\n\r\n• Diện tích: 27 m2, nấu ăn trong phòng, nhà vệ sinh riêng (có sẵn bình nóng lạnh)\r\n\r\n• Tiện ích: Gần chợ Đồng Xa và các cửa hàng tiện lợi, gần nhiều trường học (HV Tư pháp, ĐH thương mại, ĐH sân khấu điện ảnh,…). Ở tầng 1 nên sạch sẽ thoáng mát, trong khu quân đội nên yên tĩnh, an ninh tốt, khu dân trí cao. Tiền điện, nước theo giá nhà nước. Có sẵn đường truyền Internet.\r\n\r\n• Liên hệ với số điện thoại để được xem nhà (Chú Đức: 091.204.1366 hoặc Anh Long: 0975.996.536)\r\n\r\n---------------------------------------------\r\n\r\n☎️ Điện thoại liên hệ: 0912041366', 3500000, 27, 0, '46 Phố Mai Dịch, Mai Dịch, Cầu Giấy, Hà Nội, Việt Nam', '{\"0\":\"21.0406755\",\"1\":\"105.774749\"}', '{\"0\":\"phongtro-MR6bV-1575502456-picture28938.jpg\"}', 10, 4, 6, '{\"0\":\"Wifi mi\\u1ec5n ph\\u00ed\",\"1\":\"Gi\\u1edd gi\\u1ea5c t\\u1ef1 do\",\"2\":\"Kh\\u00f4ng chung ch\\u1ee7\"}', 0, '2020-07-21 09:28:18', '2020-07-21 09:41:41', '0912041366', 1, 'cho-thue-can-ho-khep-kin-o-mai-dich-cau-giay-khu-quan-doi-nen-rat-an-ninh-yen-tinh'),
(22, 'Cho thuê căn hộ sang trọng nhất quận Cầu Giấy. Được trang bị đầy đủ nội thất cao cấp.', 'CHO THUE CĂN HỘ CAO CẤP 1K1N Ở THỌ THÁP GẦN CÔNG VIÊN CẦU GIẤY LH: A DUY 0359 146 297\r\n\r\nĐịa chỉ: 25 Thọ Tháp-Cầu Giấy\r\n\r\nTòa nhà sang trọng, view cực đẹp, mặt đường rộng, ô tô đỗ cửa\r\n\r\nCăn hộ full đồ cao cấp\r\n\r\nHệ thống cây xanh từ ngoài vào trong\r\n\r\nPhù hợp cho người nước ngoài đang sinh sống ở Việt Nam và người Việt có thu nhập cao\r\n\r\n1 môi trường thoải mái, sang trọng, đẳng cấp để phát triển con người\r\n\r\nGiá 10.5tr\r\n\r\nhh 50% ae môi giới\r\n\r\nA Duy( Chủ nhà): 0359 146 297\r\n\r\n---------------------------------------------\r\n\r\n☎️ Điện thoại liên hệ: 0359146297', 10000000, 50, 0, '2 Phố Thọ Tháp, Dịch Vọng Hậu, Cầu Giấy, Hà Nội, Việt Nam', '{\"0\":\"21.033247\",\"1\":\"105.788002\"}', '{\"0\":\"phongtro-rRt1A-1592875621-exv.jpg\"}', 10, 4, 6, '{\"0\":\"Wifi mi\\u1ec5n ph\\u00ed\",\"1\":\"T\\u1ee7 + gi\\u01b0\\u1eddng\",\"2\":\"Gi\\u1edd gi\\u1ea5c t\\u1ef1 do\",\"3\":\"V\\u1ec7 sinh ri\\u00eang\"}', 0, '2020-07-21 09:31:18', '2020-07-21 09:41:46', '0359 146 297', 1, 'cho-thue-can-ho-sang-trong-nhat-quan-cau-giay-duoc-trang-bi-day-du-noi-that-cao-cap'),
(23, 'Cho thuê căn hộ tòa N02 tại KĐT Làng Quốc Tế Thăng Long full đồ đẹp', 'Vị trí: Trần Đăng Ninh, Cầu Giấy( bên cạnh nhà thi đấu thể thao quận Cầu Giấy) tầng 10 tòa N02.\r\n\r\nDiện tích: 70m ( 2 ngủ 1 khách 2 vs)\r\n\r\nTiện ích: Nằm tại khu dân trí cao, gần các siêu thị, nhà hang, gym, bể bơi, trường học,..\r\n\r\nKhu dân trí cao, an ninh tốt.\r\n\r\nNội thất: full nội thất gồm điều hòa nóng lạnh, 2 giường đôi, tủ bếp, tủ đồ, bàn ghế ăn, quạt trần.\r\n\r\nNhà đẹp miễn chê,chỉ việc xách vali đến ở.\r\n\r\nGiá 9tr. Tt3 cọc 1\r\n\r\nLH: 0963580194 Khuyên để xem nhà.\r\n\r\n---------------------------------------------\r\n\r\n☎️ Điện thoại liên hệ: 0963580194', 9000001, 70, 0, '125 Trần Đăng Ninh, Dịch Vọng, Cầu Giấy, Hà Nội, Việt Nam', '{\"0\":\"21.0390907\",\"1\":\"105.7920276\"}', '{\"0\":\"phongtro-WctFT-20160325225759-ee0a.jpg\"}', 10, 4, 6, '{\"0\":\"Kh\\u00f4ng chung ch\\u1ee7\",\"1\":\"Gi\\u1edd gi\\u1ea5c t\\u1ef1 do\",\"2\":\"V\\u1ec7 sinh ri\\u00eang\",\"3\":\"Wifi mi\\u1ec5n ph\\u00ed\"}', 0, '2020-07-21 09:32:59', '2020-07-21 09:41:50', '0963580194', 1, 'cho-thue-can-ho-toa-n02-tai-kdt-lang-quoc-te-thang-long-full-do-dep'),
(24, 'CHO THUÊ CĂN HỘ CHUNG CƯ 61 LÊ VĂN LƯƠNG', '- CHO THUÊ CHUNG CƯ FULL ĐỒ, TÒA NHÀ HANORENT\r\n\r\n- DC: 61 Lê Văn Lương\r\n\r\n- Diện tích:+ 30m2 Studio\r\n\r\n- Diện tích:+ 40m2 Studio\r\n\r\n- Diện tích:+ 60m2 1 Khánh 1 Ngủ\r\n\r\n- Gía từ 6tr đến 9,5tr\r\n\r\n- Nội thất : Điều hòa, Nóng lạnh, Tủ lạnh, Giường chăn ga gối đệm, Sofa, Tivi, Tủ quần áo, Bàn làm việc, Nồi niêu, Xoong chảo, Máy giặt.\r\n\r\nđầy đủ đồ chỉ xách vali vào ở…\r\n\r\n- Thuận tiện cho việc đi lại, sinh hoạt, vui chơi, giải trí, gần chợ, gần siêu thị, công viên.\r\n\r\nGần Nguyễn Ngọc Vũ, Trần Duy Hưng, Nguyễn Thị Định, Nguyễn Chí Thanh, Đường Láng. Nguyễn Trãi, Lê Văn Lương kéo dài\r\n\r\n- Phòng có cửa sổ ban công thoáng mát.\r\n\r\n- Giờ giấc thoải mái, Khóa vân tay, Camera, Bảo vệ 24/7\r\n\r\n- Để xe miễn phí.\r\n\r\n***Địa chỉ: Ngõ 61 Lê Văn Lương\r\n\r\n---------------------------------------------\r\n\r\n☎️ Điện thoại liên hệ: 0353253788', 6000000, 38, 0, '21 Lê Văn Lương, Trung Hoà, Cầu Giấy, Hà Nội, Việt Nam', '{\"0\":\"21.0095952\",\"1\":\"105.8099914\"}', '{\"0\":\"phongtro-6XYYC-20191223171850-b4b8_wm.jpg\"}', 10, 4, 6, '{\"0\":\"Kh\\u00f4ng chung ch\\u1ee7\",\"1\":\"Gi\\u1edd gi\\u1ea5c t\\u1ef1 do\",\"2\":\"Wifi mi\\u1ec5n ph\\u00ed\"}', 0, '2020-07-21 09:34:04', '2020-07-21 09:41:54', '0353253788', 1, 'cho-thue-can-ho-chung-cu-61-le-van-luong'),
(25, 'Cho thuê chcc 65m2 Nam Trung Yên', 'Cho thuê nhà chung cư tầng 11, toà B11C Nam Trung Yên. 02 phòng ngủ, 01 phòng khách, 01 phòng bếp, 01 nhà vệ sinh, 02 ban công thoáng mát.\r\n\r\nNằm trong khu đô thị sầm uất, tiện tiếp cận các dịch vụ chất lượng cao như trường học chất lượng cao (trường Lương Thế Vinh, mầm non quốc tế, Nguyễn siêu..., bệnh viện Thu Cúc, Hồng Ngọc...), gần các trung tâm thương mại lớn mới mở\r\n\r\ntrước kia cho ngừoi Hàn Quốc thuê nên rất sạch sẽ. Xung quanh khôgn gian thoáng mát, không ô nhiễm khói bụi\r\n\r\nKhông trung gian\r\n\r\n---------------------------------------------\r\n\r\n☎️ Điện thoại liên hệ: 0911868692', 7000000, 65, 0, 'Unnamed Road, Trung Hoà, Cầu Giấy, Hà Nội, Việt Nam', '{\"0\":\"21.0113579\",\"1\":\"105.7903187\"}', '{\"0\":\"phongtro-51Nt9-chung-cu-cau-giay.jpg\"}', 10, 4, 6, '{\"0\":\"Wifi mi\\u1ec5n ph\\u00ed\",\"1\":\"T\\u1ee7 + gi\\u01b0\\u1eddng\",\"2\":\"Kh\\u00f4ng chung ch\\u1ee7\"}', 0, '2020-07-21 09:35:58', '2020-07-21 09:41:58', '0911868692', 1, 'cho-thue-chcc-65m2-nam-trung-yen'),
(26, 'Cho thuê CHCC Discovery Complex 3 phòng ngủ đầy đủ nội thất 20 triệu', 'CHo thuê CHCC Discovery Complex 3 phòng ngủ đầy đủ nội thất\r\n\r\nGiá 20 triệu\r\n\r\nCăn hộ tầng cao view hồ tây và công viên nghĩa đô\r\n\r\nCho thuê dài hạn\r\n\r\nLiên hệ : 0966711156 để xem nhà\r\n\r\n---------------------------------------------\r\n\r\n☎️ Điện thoại liên hệ: 0966711156', 20000000, 148, 0, '3 Đường Cầu Giấy, Dịch Vọng, Cầu Giấy, Hà Nội, Việt Nam', '{\"0\":\"21.03676\",\"1\":\"105.79183\"}', '{\"0\":\"phongtro-2HJqN-thiet-ke-noi-that-chung-cu-cau-giay-center-point-voi-3-phong-ngu.jpg\"}', 10, 4, 6, '{\"0\":\"Kh\\u00f4ng chung ch\\u1ee7\",\"1\":\"Gi\\u1edd gi\\u1ea5c t\\u1ef1 do\",\"2\":\"V\\u1ec7 sinh ri\\u00eang\"}', 0, '2020-07-21 09:37:13', '2020-07-21 09:42:01', '0966711156', 1, 'cho-thue-chcc-discovery-complex-3-phong-ngu-day-du-noi-that-20-trieu'),
(27, 'Cho thuê chung cư mini cao cấp', 'CCMN CAO CẤP KHÉP KÍN FULL ĐỒ - MỚI XÂY 7 TẦNG THANG MÁY NGÕ 155 CẦU GIẤy\r\n\r\nĐỊA CHỈ: số nhà 45/51 ngõ 155 Cầu Giấy\r\n\r\n( GIÁ 3,5tr -4,7tr)\r\n\r\n- Diện tích: 28m2, KHUNG CỬA SỔ TO, VÔ CÙNG THOÁNG MÁT, RỘNG RÃI\r\n\r\n- Full đồ nội thất: Máy giặt, Nóng lạnh, Điều hòa, Giường, Tủ đồ, Rèm cửa, Tủ bếp,,. Thang máy nhập ngoại.\r\n\r\n- Để xe miễn phí tầng 1, giặt đồ miễn phí\r\n\r\n- Giờ giấc tự do, không chung chủ\r\n\r\n- Camera 24/7, khóa vân tay an toàn\r\n\r\n- Dịch vụ giá hợp lý\r\n\r\nĐiện 3,8k/ số\r\n\r\nNước 30k /khối\r\n\r\nCAM KẾT NHÀ ĐẸP HƠN ẢNH\r\n\r\n️Liên hệ ngay: 0962992833 hoặc ib\r\n\r\nNgõ rộng, thông ra các đường lớn ngõ 155 Cầu Giấy, Thành Thái, ngõ 381 Nguyễn Khang, cầu Yên Hoà đường Láng. Nhà cách đường ô tô 20m, cách xe bus 200m, gần công viên Cầu Giấy 200m, giao thông thuận tiện. Gần các trường ĐH Giao Thông Vận Tải, ĐH Ngoại Thương, HV Báo Chí Tuyên Truyền, ĐH Quốc Gia, ĐH Ngoại Ngữ\r\n\r\nĐH Sư Phạm, ĐH Luật... gần nhà có bãi gửi xe ô tô\r\n\r\nNhà đang cho thuê còn phòng ai có nhu cầu Inbox liên hệ mình nhé! Thanks ạ\r\n\r\n---------------------------------------------\r\n\r\n☎️ Điện thoại liên hệ: 0973819783', 4000000, 28, 0, '106 Đường Cầu Giấy, Quan Hoa, Cầu Giấy, Hà Nội, Việt Nam', '{\"0\":\"21.0319529\",\"1\":\"105.7995321\"}', '{\"0\":\"phongtro-Voh6C-thiet-ke-noi-that-chung-cu-FLC-6.jpg\"}', 10, 4, 6, '{\"0\":\"T\\u1ee7 + gi\\u01b0\\u1eddng\",\"1\":\"V\\u1ec7 sinh ri\\u00eang\",\"2\":\"Kh\\u00f4ng chung ch\\u1ee7\",\"3\":\"Wifi mi\\u1ec5n ph\\u00ed\"}', 0, '2020-07-21 09:38:48', '2020-07-21 09:42:05', '0973819783', 1, 'cho-thue-chung-cu-mini-cao-cap'),
(28, 'Cho thuê căn hộ chung cư Thăng Long Number One', 'Chính chủ cần cho thuê căn hộ chung cư Thăng Long Number One, tháp B, số 1 Đại Lộ Thăng Long.\r\n\r\n- Thiết kế căn hộ 110m2, 3PN, 2WC.\r\n\r\n- Nhà tầng cao thoáng mát.\r\n\r\n- Căn hộ đã được trang bị đầy đủ nội thất cơ bản bao gồm: Điều hòa, nóng lạnh, bếp, tủ bếp, hệ thống hút mùi, ti vi, sofa, giường, tủ quần áo...\r\n\r\n- Phù hợp ở gia đình hoặc các chuyên gia nước ngoài. Có thể vào luôn.\r\n\r\n- Tiện ích: Gym, bể bơi, ngân hàng, siêu thị... Phục vụ tối đa nhu cầu của người dân.\r\n\r\n- Gần trường học, siêu thị, trung tâm thương mại, bệnh viện, các khu tiện ích, giao thông thuận lợi và là khu nhiều người nước ngoài lựa chọn.\r\n\r\n- Liên hệ:Ms Huyền 0933280681\r\n\r\n---------------------------------------------\r\n\r\n☎️ Điện thoại liên hệ: 0933280681', 15000000, 110, 0, '281 Khuất Duy Tiến, Trung Hoà, Thanh Xuân, Hà Nội, Việt Nam', '{\"0\":\"21.0023367\",\"1\":\"105.7943442\"}', '{\"0\":\"phongtro-mkI4o-unnamed (1).jpg\"}', 10, 4, 6, '{\"0\":\"Wifi mi\\u1ec5n ph\\u00ed\",\"1\":\"T\\u1ee7 + gi\\u01b0\\u1eddng\",\"2\":\"Kh\\u00f4ng chung ch\\u1ee7\",\"3\":\"Gi\\u1edd gi\\u1ea5c t\\u1ef1 do\"}', 0, '2020-07-21 09:39:59', '2020-07-21 09:42:08', '0933280681', 1, 'cho-thue-can-ho-chung-cu-thang-long-number-one'),
(29, 'CH Mini 35m2, full đồ mới toanh có thang máy giá từ 4tr Nguyễn Ngọc Vũ', 'Cho thuê căn hộ mini nằm trên phố Nguyễn Ngọc vũ, phòng mới sạch đẹp, xung quanh đi lại thuận tiện, ăn uống giá rẻ ở khu phố. Phù hợp với cặp đôi còn đi học, khách đi làm cần tìm nơi nghỉ ngơi ổn định.\r\n\r\nDT : 35m2 1PN 1WC\r\n\r\nFull nội thất đầy đủ, chăn gối mới\r\n\r\nCó thang máy, chỗ để xe, đi lại tự do có khóa từ không chung củ\r\n\r\nGiá : từ 4tr\r\n\r\nL/H Nam 090 3290 757 để được tư vấn xem nhà\r\n\r\n---------------------------------------------\r\n\r\n☎️ Điện thoại liên hệ: 0903290757', 4000000, 35, 0, '6 Quan Nhân, Trung Hoà, Thanh Xuân, Hà Nội, Việt Nam', '{\"0\":\"21.0084663\",\"1\":\"105.8131191\"}', '{\"0\":\"phongtro-rvDSY-unnamed.jpg\"}', 10, 4, 6, '{\"0\":\"Gi\\u1edd gi\\u1ea5c t\\u1ef1 do\",\"1\":\"Chung ch\\u1ee7\",\"2\":\"T\\u1ee7 + gi\\u01b0\\u1eddng\",\"3\":\"Wifi mi\\u1ec5n ph\\u00ed\"}', 0, '2020-07-21 09:41:19', '2020-07-21 09:42:11', '0903290757', 1, 'ch-mini-35m2-full-do-moi-toanh-co-thang-may-gia-tu-4tr-nguyen-ngoc-vu'),
(30, 'Tìm 1 bạn nữ đã đi làm ở ghép share tiền phòng', 'ìm 1 bạn nữ đã đi làm ở ghép\r\n\r\nĐịa chỉ : ngõ 445 nguyễn khang, cầu giấy, gần chợ, tiện đi lại\r\n\r\nPhòng đã đủ đồ, điều hoà, nóng lạnh, máy giặt, máy lọc nước , tủ lạnh, ...\r\n\r\nPhòng ở tầng 1, thoáng mát, không chung chủ\r\n\r\nChỉ cần 1 bạn đã đi làm, ít đồ, ngoan ngoãn, thật thà, sạch sẽ, chịu khó, sinh hoạt lành mạnh, văn minh, không đưa bạn bè về phòng, đến ở ghép với mình.\r\n\r\nng bắc ninh, bắc giang càng tốt\r\n\r\nGiá phòng: 2,5tr/2 ng\r\n\r\nCọc 1 tháng : 1tr250k\r\n\r\nĐiện 3,5k, nước 80k/ng, mạng 60k/ ng, vệ sinh 50k/ ng\r\n\r\nLiên hệ: 0392.158.674\r\n\r\n---------------------------------------------\r\n\r\n☎️ Điện thoại liên hệ: 0392158674', 1250000, 25, 1, '445 Nguyễn Khang, Yên Hoà, Cầu Giấy, Hà Nội, Việt Nam', '{\"0\":\"21.0286028\",\"1\":\"105.7993512\"}', '{\"0\":\"phongtro-vIjcw-51b6484a-ab50-4ab5-921a-ce58c08d41a1_1593053361.jpg\"}', 10, 2, 6, '{\"0\":\"C\\u00f3 g\\u00e1c l\\u1eedng\",\"1\":\"T\\u1ee7 + gi\\u01b0\\u1eddng\",\"2\":\"Kh\\u00f4ng chung ch\\u1ee7\",\"3\":\"V\\u1ec7 sinh ri\\u00eang\"}', 0, '2020-07-21 10:13:11', '2020-07-26 06:14:41', '0392158674', 1, 'tim-1-ban-nu-da-di-lam-o-ghep-share-tien-phong'),
(31, 'Cơ sở ở ghép cho người trẻ tuổi năng động ở Lạc Long Quân', 'Tiện nghi sử dụng:\r\n\r\nNhà bếp với đầy đủ dụng cụ nấu ăn\r\n\r\nĐiều hòa, quạt điện, nóng lạnh, máy giặt, camera an ninh giường đệm mới tinh\r\n\r\nMỗi người 1 giường 1 m riêng biệt\r\n\r\nNhà rỗng rãi thoải mái, gần đường lớn Lạc Long Quân, ngõ 2 ô tô tránh nhau dễ dàng.\r\n\r\nCó người dọn dẹp hàng tuần\r\n\r\nTầng 2 và 3 là phòng cho Nữ, có bồn tắm\r\n\r\nTầng 4 là cho Nam\r\n\r\nTầng 5 là sân phơi đồ và máy giặt\r\n\r\nMùa dịch ít người ở nên các bạn thoải mái lựa chọn cho mình vị trí tốt\r\n\r\nYêu cầu người đến ở sống sạch sẽ, sống ý thức tôn trọng người khác, lý lịch rõ ràng không ốm đau bệnh tật, không phải từ vùng dịch đến và không tiếp xúc gần với người nhiệm bệnh. Với Nam yêu cầu thêm không thuốc lá bia rượu\r\n\r\nĐiện nước giá bình dân điện 2k 1 số, nước 10k 1m3 lấy hóa đơn chia số người ở\r\n\r\nInternet tốc độ cao free\r\n\r\n---------------------------------------------\r\n\r\n☎️ Điện thoại liên hệ: 0979697774', 1300000, 60, 0, '234 Đ. Lạc Long Quân, Nghĩa Đô, Cầu Giấy, Hà Nội, Việt Nam', '{\"0\":\"21.0511381\",\"1\":\"105.8079446\"}', '{\"0\":\"phongtro-ajk5y-e6e427e8fb35026b5b24_1586852436.jpg\"}', 10, 2, 6, '{\"0\":\"Kh\\u00f4ng chung ch\\u1ee7\",\"1\":\"Gi\\u1edd gi\\u1ea5c t\\u1ef1 do\",\"2\":\"V\\u1ec7 sinh ri\\u00eang\",\"3\":\"Wifi mi\\u1ec5n ph\\u00ed\"}', 0, '2020-07-21 10:15:19', '2020-07-21 10:20:14', '0979697774', 1, 'co-so-o-ghep-cho-nguoi-tre-tuoi-nang-dong-o-lac-long-quan'),
(32, 'Cần tìm một bạn nữ ở ghép cùng', 'Thông tin mô tả\r\nMình đi làm nên cả ngày nên không ở phòng nhiều,cần tìm một bạn nữ đã đi làm ở cùng.yêu cầu trung thực,thật thà và sạch sẽ\r\n\r\n---------------------------------------------\r\n\r\n☎️ Điện thoại liên hệ: 0329654072', 1000000, 30, 0, '10 Phố Duy Tân, Dịch Vọng Hậu, Cầu Giấy, Hà Nội, Việt Nam', '{\"0\":\"21.0307847\",\"1\":\"105.7860536\"}', '{\"0\":\"no_img_room.png\"}', 10, 2, 6, '{\"0\":\"Wifi mi\\u1ec5n ph\\u00ed\",\"1\":\"C\\u00f3 g\\u00e1c l\\u1eedng\",\"2\":\"T\\u1ee7 + gi\\u01b0\\u1eddng\",\"3\":\"Kh\\u00f4ng chung ch\\u1ee7\"}', 0, '2020-07-21 10:16:37', '2020-07-21 10:20:18', '0329654072', 1, 'can-tim-mot-ban-nu-o-ghep-cung'),
(33, 'Tìm nữ ở ghép ở Dương quảng Hàm, Cầu giấy', 'Cần tìm nữ ở ghép ở ngõ 79 Dương Quảng Hàm, Cầu Giấy, Hà Nội. Phòng rộng 28m2, khép kín, có internet, truyền hình cáp, là khu chung cư mini, sạch sẽ văn minh, tầng 1 gửi xe, nhà mới đẹp, thoáng, gần đường lớn thuận tiện đi lại. Điều hòa, nóng lạnh đầy đủ. Phòng hiện có 01 nữ đã đi làm chỉ tối về ngủ nên muốn tìm thêm người cho tiết kiệm tiền phòng. Giá phòng 2.8tr/tháng.\r\n\r\nAi có nhu cầu, vui lòng số điện thoại:0919368086\r\n\r\n---------------------------------------------\r\n\r\n☎️ Điện thoại liên hệ: 0919368086', 2800000, 28, 0, '13 Dương Quảng Hàm, Quan Hoa, Cầu Giấy, Hà Nội, Việt Nam', '{\"0\":\"21.0353591\",\"1\":\"105.800361\"}', '{\"0\":\"phongtro-7TsJ4-31166311_784013048436066_192986572965019648_n.jpg\"}', 10, 2, 6, '{\"0\":\"Gi\\u1edd gi\\u1ea5c t\\u1ef1 do\",\"1\":\"T\\u1ee7 + gi\\u01b0\\u1eddng\",\"2\":\"Wifi mi\\u1ec5n ph\\u00ed\"}', 0, '2020-07-21 10:19:58', '2020-07-21 10:20:22', '0919368086', 1, 'tim-nu-o-ghep-o-duong-quang-ham-cau-giay'),
(34, 'Tìm NAM ở ghép Free điện nước – 1,3tr/ng gần ĐH KTQD Full đồ', '(Dịchvụ Ở GHÉP tiết kiệm chi phí với những tiện ích cao cấp )\r\n*Địa chỉ: chung cư 96A Định Công. cách các trường lớn BÁCH – KINH – XÂY chỉ\r\n1,5km\r\n \r\nFREEĐIÊN NƯỚC MẠNG\r\n \r\nCăn hộ cho thuê dạng homestay đầy đủ đồ dung và tiện ích, chỉ việc xách vali đến ở,\r\nphù hợp với sinh viên, người mới đi làm GIÁ SIÊU RẺ:\r\n - phòng nam 6 người GIÁ 1.300.000/Người/Tháng\r\n-phòng nam 4 người GIÁ 1.400.000/Người/Tháng\r\n \r\n  Giá trên đã bao gồm toàn bộ các chi phí: điện,nước sạch mạng internet, nước uống,\r\ncóngười dọn tổng vệ sinh hàng tuần\r\n  - Căn hộ nằm tại khu đô thị cao cấp đảm bảoan ninh, sạch sẽ, thuận tiện giao thông\r\n \r\nTIỆNÍCH TẦNG 1: Siêu thị Vinmart, phòng tập GYM, ngân hàng...\r\n \r\n-Mỗi người có 1 tủ quần áo có khóa riêng\r\n- Bếp, tủ bếp , nồi niêu bát đĩa\r\n-2 TIVI 40 inch, Tủ lạnh , máy giặt , bình nóng lạnh, điều hòa\r\n-Bình lọc nước uống tại vòi (khỏi mất công đi đổi nước và tốn chi phí)\r\n \r\nCácbạn quan tâm vui lòng liên hệ chính chủ để đi xem nhà\r\nNÓIKHÔNG VỚI THU PHÍ ĐI XEM HOẶC THUÊ\r\nLH:0901498666  (fb, zalo, viber, imessage)', 1400000, 130, 0, '96 Định Công, Phương Liệt, Thanh Xuân, Hà Nội, Việt Nam', '{\"0\":\"20.9847849\",\"1\":null}', '{\"0\":\"phongtro-XsW4x-5-3.jpg\"}', 11, 2, 1, 'null', 0, '2020-07-25 02:51:26', '2020-08-04 08:44:46', '0901498666', 1, 'tim-nam-o-ghep-free-dien-nuoc-1-3tr-ng-gan-dh-ktqd-full-do'),
(35, 'Cho thuê phòng trọ tại số 3 ngõ An Sơn, Đại La, Hai Bà Trưng, Hà Nội', 'Tôicó 06 phòng trọ diện tích 15 - 20m2 nằm trong nhà 4 tầng tại số 03 ngõ An Sơn,\r\nphố Đại La, phường Trương Định, quận Hai Bà Trưng, Hà Nội. Vệ sinh khép kín, điện\r\nvà nước dùng theo giá sinh hoạt bình thường. Nhà ở khu an ninh tốt, dân trí\r\ncao, gần các trường Đại học Bách khoa, ĐH Xây dựng, ĐH Kinh tế, ĐH Y; gần các\r\ntrường mẫu giáo, mầm non, cấp 1,2,3; gần Bệnh viện Bạch Mai, BV Nhiệt Đới, BV\r\nBưu Điện, BV Tai Mũi Họng Trung Ương; gần chợ Mơ, chợ Đồng Tâm, chợ Bách Khoa,\r\nCông viên Thống Nhất, Bến xe Giáp Bát.\r\n\r\n\r\nNhàthoáng mát sạch sẽ. đầy đủ tiện nghi, khách thuê chỉ việc đến ở. Hợp đồng dài hạn.\r\nGiá: 1 triệu – 2 triệu/tháng \r\n\r\nLiên hệ: 0909.32.9999 (chị Hoa)\r\n\r\n(Tag: Cho thuê phòng trọ, tìm nhà trọ, nhà trọsinh viên, thuê nhà Đại La, thuê nhà Trương Đinh, thuê nhà Hai Bà Trưng, thuê\r\nnhà Đại học Xây Dựng, thuê nhà Đại học Bách Khoa, thuê nhà Đại học Kinh tế,\r\nthuê nhà Đại học Y, thuê nhà Trường Chinh, thuê nhà Bách Khoa, thuê nhà Lê\r\nThanh Nghị, thuê nhà Trần Đại Nghĩa, thuê nhà Giải Phóng, thuê nhà Minh Khai,\r\nthuê nhà Bạch Mai, thuê nhà chợ Mơ, thuê nhà Thanh Nhàn, thuê nhà Mai Động,\r\nthuê nhà BV Nhiệt Đới, thuê nhà BV Bưu điện, thuê nhà BV Tai Mũi Họng, thuê nhà\r\nchợ Mơ, thuê nhà chợ Đồng Tâm, thuê nhà Công viên thống nhất, thuê nhà BX Giáp\r\nBát)', 1000000, 16, 1, '65 Đại La, Trương Định, Hai Bà Trưng, Hà Nội, Việt Nam', '{\"0\":\"20.9960362\",\"1\":\"105.84801\"}', '{\"0\":\"phongtro-KEq3s-Cute.jpg\"}', 11, 1, 1, '{\"0\":\"Gi\\u1edd gi\\u1ea5c t\\u1ef1 do\",\"1\":\"Kh\\u00f4ng chung ch\\u1ee7\",\"2\":\"C\\u00f3 g\\u00e1c l\\u1eedng\"}', 0, '2020-07-25 02:54:57', '2020-07-28 08:05:25', '0909329999', 1, 'cho-thue-phong-tro-tai-so-3-ngo-an-son-dai-la-hai-ba-trung-ha-noi'),
(36, 'Tìm Nam ở ghép ngõ 254 Minh Khai   Lượt xem : 600', 'Mình cần tìm bạn Nam ở ghép trong 122 ngõ 254 Minh Khai. Nhà 18m2, có nóng lạnh, wifi, có chỗ để xe, không chung chủ, giờ giấc tự do, điện 4k/1 số, nước 25k/1 khối, nhà 1,5tr. Ai có nhu cầu liên hệ: 01649538409', 1500000, 18, 0, '122 Ngõ 254 Minh Khai, Mai Động, Hoàng Mai, Hà Nội, Việt Nam', '{\"0\":\"20.9912618\",\"1\":\"105.8588839\"}', '{\"0\":\"no_img_room.png\"}', 11, 2, 1, '{\"0\":\"Gi\\u1edd gi\\u1ea5c t\\u1ef1 do\",\"1\":\"Kh\\u00f4ng chung ch\\u1ee7\",\"2\":\"Wifi mi\\u1ec5n ph\\u00ed\"}', 0, '2020-07-25 02:57:15', '2020-07-25 02:59:39', '01649538409', 1, 'tim-nam-o-ghep-ngo-254-minh-khai-luot-xem-600'),
(37, 'Tìm bạn nam ở ghép tại Bạch Mai, Hà Nội', 'Cần tìm 1 bạn nam ở ghép bắt đầu từ 01/09/2017. Địa chỉ: số 71, ngõ Giếng Mứt, Bạch Mai, Hà Nội. Gần trung tâm Thành Phố, các trường Đại học, bệnh viện, hàng quán, chợ, v...v...rất tiện đi lại.Phòng 18 m2, sạch sẽ, ở tầng 6, ngay cạnh sân thượng phơi phóng thoáng mát, tách biệt với chủ nhà, có lối đi riêng, để xe miễn phí, an ninh đảm bảo, giờ giấc đi về thoải mái.\r\nTiền nhà 1tr250/tháng, đóng 03 tháng/lần, điện 3.500đ/số, nước 25.000đ/khối, mạng 50.000đ/phòng.\r\nPhòng có điều hòa, tủ lạnh, nóng lạnh, vệ sinh. Ưu tiên các bạn đi làm (hoặc sinh viên) gọn gàng, sạch sẽ, ý thức tốt, phòng diện tích hạn chế, không có bếp nên sẽ tiện hơn nếu bạn nào không nấu ăn trong phòng.\r\nLƯU Ý: KHÔNG HÚT THUỐC, CỜ BẠC, TỤ TẬP.\r\nLiên hệ xem nhà: Quân 091.6840.092', 1250000, 18, 0, '24 Ngõ Giếng Mứt, Bạch Mai, Trương Định, Hai Bà Trưng, Hà Nội, Việt Nam', '{\"0\":\"20.9980487\",\"1\":\"105.8494156\"}', '{\"0\":\"phongtro-KQBDS-tim-ban-nam-o-ghep-tai-bach-mai-ha-noi-resized-kgaj1.jpg\"}', 11, 2, 1, '{\"0\":\"Wifi mi\\u1ec5n ph\\u00ed\",\"1\":\"Kh\\u00f4ng chung ch\\u1ee7\",\"2\":\"T\\u1ee7 + gi\\u01b0\\u1eddng\"}', 0, '2020-07-25 02:59:25', '2020-07-25 02:59:43', '091.6840.092', 1, 'tim-ban-nam-o-ghep-tai-bach-mai-ha-noi'),
(38, 'Cho thuê phòng trọ Đại La, Hai Bà Trưng, Hà Nội (15-20m2, giá 1,5 triệu)', 'Có 06 phòng trọ diện tích 15 - 20m2 nằm trong nhà 4 tầng tại số 03 ngõ An Sơn, phố\r\nĐại La, phường Trương Định, quận Hai Bà Trưng, Hà Nội. Vệ sinh khép kín, điện\r\nvà nước dùng theo giá sinh hoạt bình thường. Nhà ở khu an ninh tốt, dân trí\r\ncao, gần các trường Đại học Bách khoa, ĐH Xây dựng, ĐH Kinh tế, ĐH Y; gần các\r\ntrường mẫu giáo, mầm non, cấp 1,2,3; gần Bệnh viện Bạch Mai, BV Nhiệt Đới, BV Bưu\r\nĐiện, BV Tai Mũi Họng Trung Ương; gần chợ Mơ, chợ Đồng Tâm, chợ Bách Khoa, Công\r\nviên Thống Nhất, Bến xe Giáp Bát.\r\nNhà thoáng mát sạch sẽ. đầy đủ tiện nghi, kháchthuê chỉ việc đến ở. Hợp đồng dài hạn.\r\nGiá: 1,5 triệu/tháng \r\n\r\nLiên hệ: 0967420146 (anh Tùng)\r\n\r\n(Tag: Cho thuê phòng trọ, tìm nhà trọ, nhà trọsinh viên, thuê nhà Đại La, thuê nhà Trương Đinh, thuê nhà Hai Bà Trưng, thuê\r\nnhà Đại học Xây Dựng, thuê nhà Đại học Bách Khoa, thuê nhà Đại học Kinh tế, thuê\r\nnhà Đại học Y, thuê nhà Trường Chinh, thuê nhà Bách Khoa, thuê nhà Lê Thanh Nghị,\r\nthuê nhà Trần Đại Nghĩa, thuê nhà Giải Phóng, thuê nhà Minh Khai, thuê nhà Bạch\r\nMai, thuê nhà chợ Mơ, thuê nhà Thanh Nhàn, thuê nhà Mai Động, thuê nhà BV Nhiệt\r\nĐới, thuê nhà BV Bưu điện, thuê nhà BV Tai Mũi Họng, thuê nhà chợ Mơ, thuê nhà\r\nchợ Đồng Tâm, thuê nhà Công viên thống nhất, thuê nhà BX Giáp Bát)', 1500000, 16, 0, '65 Đại La, Trương Định, Hai Bà Trưng, Hà Nội, Việt Nam', '{\"0\":\"20.9960362\",\"1\":\"105.84801\"}', '{\"0\":\"phongtro-g3tOv-documentscannerMockup.png\"}', 11, 1, 1, '{\"0\":\"Wifi mi\\u1ec5n ph\\u00ed\",\"1\":\"C\\u00f3 g\\u00e1c l\\u1eedng\",\"2\":\"T\\u1ee7 + gi\\u01b0\\u1eddng\",\"3\":\"V\\u1ec7 sinh ri\\u00eang\",\"4\":\"Gi\\u1edd gi\\u1ea5c t\\u1ef1 do\"}', 0, '2020-07-25 03:04:33', '2020-07-25 03:04:39', '0967420146', 1, 'cho-thue-phong-tro-dai-la-hai-ba-trung-ha-noi-15-20m2-gia-1-5-trieu'),
(39, 'Cho thuê phòng trọ số 18, Ngách 83, Ngõ Gốc Đề.', 'Nhượng lại phòng trọ.\r\nGiá 1tr3/tháng\r\nCọc 1tr\r\nĐóng mỗi tháng 1 lần.\r\nĐiện:3k/số, nước 16k/khối ( khá rẻ so với mặt bằng chung)\r\nPhòng diện tích đất tầm 13-14m2\r\nCó gác xép có thể ngủ được.\r\nĐồ mình đang nhiều chưa dọn được nên mình k chụp hết được các b có thể sang xem phòng.\r\nSố nhà 18ngách 83 ngõ gốc đề.\r\nGần BK,KTQD,XD,KDCN,KTKTCN\r\nCó thể chuyển vào vào 15/8 trả 500k ở nốt nửa tháng 8 sang tháng 9 đóng tiền như thường.\r\nXem phòng gọi số 01655861866', 1300000, 18, 0, '83 Ngõ Gốc Đề, Minh Khai, Hoàng Mai, Hà Nội, Việt Nam', '{\"0\":\"20.9928708\",\"1\":\"105.8544229\"}', '{\"0\":\"phongtro-oel0t-cho-thue-phong-tro-so-18-ngach-83-ngo-goc-de-b0kqb.jpg\"}', 11, 1, 5, '{\"0\":\"Wifi mi\\u1ec5n ph\\u00ed\",\"1\":\"C\\u00f3 g\\u00e1c l\\u1eedng\",\"2\":\"Kh\\u00f4ng chung ch\\u1ee7\"}', 0, '2020-07-25 05:51:46', '2020-07-25 05:51:55', '01655861866', 1, 'cho-thue-phong-tro-so-18-ngach-83-ngo-goc-de'),
(40, 'Cho thuê phòng trọ số 115, Ngõ 254 Minh Khai', 'Nhượng phòng trọ gấp', 1300000, 18, 0, '43 ngõ 254 Phố Minh Khai, Minh Khai, Hoàng Mai, Hà Nội, Việt Nam', '{\"0\":\"20.9937849\",\"1\":\"105.8580812\"}', '{\"0\":\"phongtro-rML3A-cho-thue-phong-tro-so-64-ngo-254-minh-khai-8e8en.jpg\"}', 11, 1, 1, '{\"0\":\"Wifi mi\\u1ec5n ph\\u00ed\",\"1\":\"C\\u00f3 g\\u00e1c l\\u1eedng\",\"2\":\"T\\u1ee7 + gi\\u01b0\\u1eddng\"}', 0, '2020-07-26 05:06:45', '2020-07-26 05:11:40', '01689994365', 1, 'cho-thue-phong-tro-so-115-ngo-254-minh-khai'),
(41, 'Cho thuê phòng trọ Số 6B, Ngách 58, Ngõ 281, Đường Trương Định', 'mình sắp chuyển đi nên hiện tại chỗ mình còn trống 1 phòng trọ.\r\n- Địa chỉ : số 6B, ngách 58, ngõ 281, đường Trương Định. Gần các trường Kinh tế quốc dân, Xây Dựng, Bách Khoa. Có chợ tạm ở ngay ngõ.\r\n- Giá phòng : 1350000 cho 2 người, nếu ở 1 sẽ fix giá. Phòng rộng ở được 2 người thoải mái.\r\n- Nước 70k/người, điện 3.5k/số, Internet 50k/ng/tháng\r\n- Phòng tầng 2, chung chủ nhưng có cầu thang riêng, nhà tắm và vệ sinh ngay cạnh phòng (không nóng lạnh). Mùa hè khá thoáng mát.\r\n- Có nhà để xe riêng để xe an toàn, thoải mái. Cô chủ rất tốt tính. Giờ giấc thoải mái, bạn bè đến vô tư. An ninh đảm bảo.\r\n- Ưu tiên cho nam thuê vì nhà hầu hết là con trai học Xây Dựng, Bách Khoa, hàng xóm rất vui tính và thoải mái.\r\nCác bạn có nhu cầu xem phòng liên hệ cô Loan (chủ nhà) theo số điện thoại : 0977376021. \r\nCác bạn cố gắng liên hệ xem phòng vào buổi chiều hoặc buổi tối vì buổi sáng cô bận bán hàng ăn sáng.', 1350000, 16, 0, '63 Ngõ 281 Trương Định, Tương Mai, Hoàng Mai, Hà Nội, Việt Nam', '{\"0\":\"20.9889309\",\"1\":\"105.8472625\"}', '{\"0\":\"phongtro-LcI7Q-cho-thue-phong-tro-so-6b-ngach-58-ngo-281-duong-truong-dinhinh-vucxn.jpg\"}', 11, 1, 1, '{\"0\":\"Wifi mi\\u1ec5n ph\\u00ed\",\"1\":\"C\\u00f3 g\\u00e1c l\\u1eedng\",\"2\":\"Chung ch\\u1ee7\"}', 0, '2020-07-26 05:10:15', '2020-07-26 05:11:44', '0977376021', 1, 'cho-thue-phong-tro-so-6b-ngach-58-ngo-281-duong-truong-dinh'),
(42, 'Cho thuê phòng trọ số 17 Ngõ Hòa Bình 1, Minh Khai', 'Phòng cho thuê khu chợ Mơ \r\nNhà mình còn 2 phòng cho thuê \r\n+ 1 phòng ở tầng 2, diện tích 15m2, có công trình phụ khép kín, nóng lạnh. điện nước giá sinh viên. Giá 1,5t/ tháng.\r\n+ 1 phòng ở tầng 1, diện tích 15m2, công trình phụ bên ngoài nên thực tế sử dụng rộng hơn phòng kia, nóng lạnh, điện nước giá sinh viên. Giá 1,8t/tháng\r\nĐịa chỉ: 17 ngõ hòa bình 1, Minh Khai, HBT\r\nMọi chi tiết thông tin alo mẹ mình: Cô Nga 01298278348\r\nko qua trung gian, ko môi giới, các bạn yên tâm nhé.', 1800000, 15, 0, '30 Ngõ Hòa Bình 4, Minh Khai, Hai Bà Trưng, Hà Nội 100000, Việt Nam', '{\"0\":\"20.9959906\",\"1\":\"105.8537064\"}', '{\"0\":\"phongtro-yBXCS-cho-thue-phong-tro-so-17-ngo-hoa-binh-1-minh-khai-efviy.jpg\"}', 11, 1, 1, '{\"0\":\"Kh\\u00f4ng chung ch\\u1ee7\",\"1\":\"Gi\\u1edd gi\\u1ea5c t\\u1ef1 do\",\"2\":\"V\\u1ec7 sinh ri\\u00eang\"}', 0, '2020-07-26 05:14:09', '2020-07-26 05:37:11', '01298278348', 1, 'cho-thue-phong-tro-so-17-ngo-hoa-binh-1-minh-khai'),
(43, 'Cho thuê phòng trọ số 1, Ngõ 1299, Giải Phóng', 'Mình đang có 2 phòng trong nhà 4 tầng, k chung chủ. Vs chung 2p. Giá 1t7 và 1t6 (lần lượt p t4 và t2) . Có nóng lạnh, wifi. Điện nc theo hóa đơn nhà nc rất rẻ. Nhà ở ngay đầu ngõ 1299, Giải Phóng. Phòng sạch sẻ.giờ giấc thoải mái ko gò bó.B nào có nhu cầu lh mik nhé! Đt 0964603411 ( k chín sáu bốn 6 k ba bốn một một)', 1700000, 26, 0, '10 Giải Phóng, Hoàng Liệt, Hoàng Mai, Hà Nội, Việt Nam', '{\"0\":\"20.9687343\",\"1\":\"105.8427208\"}', '{\"0\":\"phongtro-YPvVz-cho-thue-phong-tro-so-1-ngo-1299-giai-phong-sewdd.jpg\"}', 11, 1, 5, '{\"0\":\"Gi\\u1edd gi\\u1ea5c t\\u1ef1 do\",\"1\":\"Wifi mi\\u1ec5n ph\\u00ed\",\"2\":\"T\\u1ee7 + gi\\u01b0\\u1eddng\"}', 0, '2020-07-26 05:19:01', '2020-07-26 05:37:18', '0964603411', 1, 'cho-thue-phong-tro-so-1-ngo-1299-giai-phong'),
(44, 'Tìm nữ ở ghép số 43 Ngõ Thống Nhất Đường Đại La', 'note lại địa chỉ này và HÃY ĐẾN XEM PHÒNG TẬN MẮT nhé. Đến xem để biết thực sự phòng to hay nhỏ( vì ảnh cũng k tin đc) , an ninh tốt k, hỏi mn xem có bị LỤT K.... bla bla', 170000, 25, 0, '51, Đại La, Ngõ Thống Nhất, Phường Trương Định, Quận Hai Bà Trưng, Thành Phố Hà Nội, Trương Định, Hai Bà Trưng, Hà Nội, Việt Nam', '{\"0\":\"20.9961334\",\"1\":\"105.8461481\"}', '{\"0\":\"phongtro-BF3F6-tim-nu-o-ghep-so-43-ngo-thong-nhat-duong-dai-la-ct9bk.jpg\"}', 11, 2, 1, '{\"0\":\"Wifi mi\\u1ec5n ph\\u00ed\",\"1\":\"T\\u1ee7 + gi\\u01b0\\u1eddng\",\"2\":\"Chung ch\\u1ee7\"}', 0, '2020-07-26 05:36:58', '2020-07-26 05:37:22', '0965544545', 1, 'tim-nu-o-ghep-so-43-ngo-thong-nhat-duong-dai-la'),
(45, 'Cho thuê phòng trọ số 5, Ngách 62, Ngõ 296 Minh Khai', 'ng rộng tầm 15m2 (có gác xép, có thể đứng đc) giá 1tr3, chỉ cho nữ thuê, vệ sinh chung, phòng ở tầng 4.\r\nĐiện 5k/kWh\r\nNước 30k/m3\r\nCó chỗ để xe, phơi quần áo riêng.\r\nCó tầng tum phía trên có thể dùng để phơi quần áo, rộng, có thể chơi, tụ tập bạn bè ở đây.\r\nGiờ giấc thoải mái, k chung chủ.\r\nwifi đã tính vào tiền nhà.\r\nĐịa chỉ: SN5, ngách 62, ngõ 296 Minh Khai\r\n3) Phòng rộng tầm 20m2( có gác xép) giá 1tr6,', 1600000, 25, 0, '5 Ngõ 296 Lĩnh Nam, Lĩnh Nam, Hai Bà Trưng, Hà Nội, Việt Nam', '{\"0\":\"20.9817163\",\"1\":\"105.8795804\"}', '{\"0\":\"phongtro-0dbAb-cho-thue-phong-tro-so-5-ngach-62-ngo-296-minh-khai-mk7ci.jpg\"}', 11, 2, 1, '{\"0\":\"Wifi mi\\u1ec5n ph\\u00ed\",\"1\":\"T\\u1ee7 + gi\\u01b0\\u1eddng\",\"2\":\"V\\u1ec7 sinh ri\\u00eang\"}', 0, '2020-07-26 05:42:54', '2020-07-26 05:43:58', '01689361315', 1, 'cho-thue-phong-tro-so-5-ngach-62-ngo-296-minh-khai'),
(46, 'Cho thuê phòng trọ số 55, ngõ 80 Kim Giang', 'tháng này mình chuyển đi nên tìm giúp bạn nào đến ở phòng của mình giúp cô chủ nhà\r\n-Địa chỉ: ngõ 80 Kim Giang\r\n- giá phòng: 1.300.000 chỉ cho nữ thuê\r\n-không chung chủ,giờ giấc tự do\r\n- Điện nước: giá nhà nước\r\n- Diện tích: 15m2( chưa tính WC) ,có ban công có thể nấu ăn\r\n- 2 phòng chung 1 nhà vệ sinh có nóng lạnh\r\n- Phòng còn mới có giường,tủ quần áo ,bàn gỗ đầy đủ .\r\n- Để xe dưới tầng 1, phơi quần áo trên tầng 3\r\nBạn nào có nhu cầu,liên hệ sđt: 01644631412 nhé!', 1300000, 15, 0, '40, Kim Giang, Phường Thanh Xuân, Thành Phố Hà Nội, Đại Kim, Hoàng Mai, Hà Nội, Việt Nam', '{\"0\":\"20.9822793\",\"1\":\"105.8155889\"}', '{\"0\":\"phongtro-pNMfO-cho-thue-phong-tro-so-55-ngo-80a-giai-phong-dcjpc.jpg\"}', 11, 1, 5, '{\"0\":\"Kh\\u00f4ng chung ch\\u1ee7\",\"1\":\"Gi\\u1edd gi\\u1ea5c t\\u1ef1 do\"}', 0, '2020-07-26 05:49:12', '2020-07-26 05:55:36', '01644631412', 1, 'cho-thue-phong-tro-so-55-ngo-80-kim-giang'),
(47, 'Cho thuê phòng trọ số 92, Ngõ 34 Vĩnh Tuy', 'cho thuê 1 phòng nhỏ xinh 26m2 trong căn chung cư mi ni mới 3 phòng ngủ ở ngõ 34 Vĩnh Tuy - đường mới rộng đẹp gần Times City, thích hợp 1-2 ng ở, ưu tiên nữ, đã đi làm, ở sạch sẽ, văn minh, đi lại thuận tiện, gần đường lớn, trung tâm mua sắm, chung cư, trường học,... tiện chợ và siêu thị, tiện ích ngay gần nhà, ko phải vào ngõ sâu, giờ giấc thoải mái, ko chung chủ. Điện 4k/số, nước 25k/m3, có công tơ riêng, chia đầu người cả căn nên rất rẻ. Có thể chuyển đến ở ngay. Liên hệ xem phòng: Chị Huê: 0943.298.589 hoặc Nhi: 0903.179.526', 1900000, 26, 0, '92 Dương Văn Bé, Vĩnh Phú, Hai Bà Trưng, Hà Nội, Việt Nam', '{\"0\":\"20.9991205\",\"1\":\"105.8729166\"}', '{\"0\":\"phongtro-TuqqY-cho-thue-phong-tro-so-92-ngo-34-vinh-tuy-wainx.jpg\"}', 11, 1, 1, '{\"0\":\"Wifi mi\\u1ec5n ph\\u00ed\",\"1\":\"T\\u1ee7 + gi\\u01b0\\u1eddng\",\"2\":\"Kh\\u00f4ng chung ch\\u1ee7\"}', 0, '2020-07-26 05:52:50', '2020-07-26 05:55:39', '0903.179.526', 1, 'cho-thue-phong-tro-so-92-ngo-34-vinh-tuy'),
(48, 'Cho thuê phòng trọ số 53 Ngõ 343 Đường Trần Khát Chân', '53 Ngõ Tôi có nhu cầu cho sinh viên hoặc người đi làm thuê 1 phòng tầng 2 với giá 2.5 tr môt tháng. Phòng có nóng lạnh, wifi miễn phí, xe máy để tầng 1 an ninh tốt. Khu phụ dùng chung. Ai có nhu cầu xin liên hệ : 0912 421 907. Xin cảm ơn', 2500000, 23, 0, '162 P. Lạc Nghiệp, Thanh Nhàn, Hai Bà Trưng, Hà Nội, Việt Nam', '{\"0\":\"21.0085958\",\"1\":\"105.856238\"}', '{\"0\":\"phongtro-Q7QTK-cho-thue-phong-tro-so-53-ngo-343-duong-tran-khat-chan-nrfqw.jpg\"}', 11, 1, 1, '{\"0\":\"Wifi mi\\u1ec5n ph\\u00ed\",\"1\":\"Kh\\u00f4ng chung ch\\u1ee7\"}', 0, '2020-07-26 05:55:28', '2020-07-26 05:55:43', '0912421907', 1, 'cho-thue-phong-tro-so-53-ngo-343-duong-tran-khat-chan'),
(49, 'Tìm nữ ở ghép  70 Ngõ Huế', 'nữ ở ghép bách- kinh -xây\r\nCuối tháng bạn t chuyển đi nên t tìm một bạn nữa ở ghép để share tiền phòng. \r\nTiền phòng 1tr3/ 2 người. \r\nĐiện 3k/số công tơ riêng\r\nNước 40k/ người\r\nMạng 70k/ phòng.\r\nRiêng chủ, đi lại thoải mái, bạn bè đến chơi vô tư. không quy định giờ giấc. Có ban công phơi đồ, chỗ nấu ăn riêng. Nhà vệ sinh. Đầu ngõ có chợ.\r\nT Đi làm cả ngày nên tối mới về phòng ngủ thôi.\r\nĐịa chỉ : 70 Ngõ Huế\r\nGần: dhbk,ktqd, xây dựng....\r\nLh : 0965644760', 1250000, 15, 0, '67A Ngõ Huế, Ngô Thì Nhậm, Hai Bà Trưng, Hà Nội, Việt Nam', '{\"0\":\"21.0147432\",\"1\":\"105.8522573\"}', '{\"0\":\"phongtro-fBjpw-tim-nu-o-ghep-so-93-ngo-70-bui-ngoc-duong-vsftq.jpg\"}', 11, 2, 1, '{\"0\":\"Wifi mi\\u1ec5n ph\\u00ed\",\"1\":\"C\\u00f3 g\\u00e1c l\\u1eedng\",\"2\":\"T\\u1ee7 + gi\\u01b0\\u1eddng\"}', 0, '2020-07-26 06:14:22', '2020-07-26 06:14:29', '0965644760', 1, 'tim-nu-o-ghep-70-ngo-hue'),
(50, 'Cho thuê phòng trọ Số 7 Ngõ 158 Trương Định', 'Cho thuê phòng trọ 20-22m vuông . Phòng mát sạch sẽ và thông thoáng . Ưu tiên các bạn sv và đôi vc trẻ . 1500k/th. Điện nước tính theo đầu người .có máy giặt và bình nóng lạnh\r\nSố 7 ngõ 158 trương định. 01252261985', 1400000, 22, 1, '105 Đường Trương Định, Quận Đống Đa, Trương Định, Hai Bà Trưng, Hà Nội, Việt Nam', '{\"0\":\"20.99199179999999\",\"1\":\"105.8485954\"}', '{\"0\":\"phongtro-DkOBB-cho-thue-phong-tro-so-7-ngo-158-truong-dinh-fmswf.jpg\"}', 11, 1, 1, '{\"0\":\"Kh\\u00f4ng chung ch\\u1ee7\",\"1\":\"V\\u1ec7 sinh ri\\u00eang\"}', 0, '2020-07-26 09:01:07', '2020-08-04 08:10:27', '01252261985', 1, 'cho-thue-phong-tro-so-7-ngo-158-truong-dinh'),
(51, 'Cho thuê phòng trọ Số 252 Lê Thanh Nghị, Hai Bà Trưng, Hà Nội', 'Phòng tại số 252 Lê Thanh nghị, Hai Bà Trưng, hà Nội. Có khu nấu ăn hoặc nấu ăn tại phòng, sử dụng bếp từ. Để xe tầng 1. Nhà không chung chủ, giờ giấc tự do. \r\nLưu ý: chị ưu tiên ở 1 ng nhé, và có quá nhiều đt gọi liên lạc c ko thể nghe hết được. Nên nếu ai có nhu cầu đọc kỹ nội dung ở đây giúp chị. Ngày 24/6 bạn phòng đó có ở nhà lúc 2h trở đi nên các e có thể trực tiếp đến xem phòng. Giữa tháng 7 hoặc đầu tháng 8 mới dọn vào ở được nhé.', 1800000, 24, 0, '60 Lê Thanh Nghị, Đồng Tâm, Hai Bà Trưng, Hà Nội, Việt Nam', '{\"0\":\"21.001674\",\"1\":\"105.842242\"}', '{\"0\":\"phongtro-cIQsl-cho-thue-phong-tro-so-252-le-thanh-nghi-hai-ba-trung-ha-noi-1498290005tbhhm-mgqjd.jpg\"}', 11, 1, 1, '{\"0\":\"Kh\\u00f4ng chung ch\\u1ee7\",\"1\":\"Gi\\u1edd gi\\u1ea5c t\\u1ef1 do\"}', 0, '2020-07-26 09:03:46', '2020-07-26 09:05:54', '0981043335', 1, 'cho-thue-phong-tro-so-252-le-thanh-nghi-hai-ba-trung-ha-noi'),
(52, 'Cho thuê phòng trọ số 307A Bạch Mai', 'phòng ở 1 người tại 307A Bạch Mai, Hai Bà Trưng giá 1.5tr - C.Mai: 0913.018.867\r\nPhòng mình full đồ: Tủ lạnh 143l, bếp từ, lò vi sóng, bàn làm việc, ti vi 32inh truyền hình cáp Ngoài ra còn có cả đồng hồ, gương đứng treo tường, mảng deco trang trí. Cửa phòng Hàn Quốc dùng khóa số hoặc thẻ. Giường tủ gỗ tự nhiên Hoàng Anh Gia Lai, đệm Sông Hồng. chăn ga Thắng Lợi. Có máy giặt và máy sấy LG của Hàn Quốc. Có sảnh để xe. Toàn bộ sảnh tầng và hành lang dùng điện thông minh\r\nWifi và cáp mạng lan miễn phí. Cước điện thoại gọi liên tỉnh Vnpt miễn phí. Nước sinh hoạt miễn phí. Điện sinh hoạt theo giá của nhà nước.\r\nDịch vụ vệ sinh tuần 2 lần\r\nLH: C.Mai: 0913.018.867', 1500000, 30, 0, 'VINHSTUDIO, 307A Bạch Mai, Hai Bà Trưng, Hà Nội, Việt Nam', '{\"0\":\"21.0020485\",\"1\":\"105.8508342\"}', '{\"0\":\"phongtro-4NaFn-cho-thue-phong-tro-so-307a-bach-mai-1497864858xybzi-hoopr.jpg\"}', 11, 1, 1, '{\"0\":\"Kh\\u00f4ng chung ch\\u1ee7\",\"1\":\"V\\u1ec7 sinh ri\\u00eang\"}', 0, '2020-07-26 09:05:23', '2020-07-26 09:05:58', '0913018867', 1, 'cho-thue-phong-tro-so-307a-bach-mai'),
(53, 'Cho thuê phòng dạy học tại Lê Thanh Nghị Hai Bà Trưng Hà Nội', 'Mình có 2 phòng dạy học cho thuê ở Lê Thanh Nghị, Hai Bà Trưng, Hà Nội. Mỗi phòng rộng từ 30 - 35m2 . Hiện mỗi phòng đã có điều hòa và ghế ngồi, bảng viết.  Bạn nào muốn thuê liên hệ mình qua sđt 01664639897 mình chính chủ', 6000000, 100, 0, '67 Lê Thanh Nghị, Đồng Tâm, Hai Bà Trưng, Hà Nội, Việt Nam', '{\"0\":\"21.0016954\",\"1\":null}', '{\"0\":\"no_img_room.png\"}', 11, 3, 1, '{\"0\":\"Gi\\u1edd gi\\u1ea5c t\\u1ef1 do\",\"1\":\"Wifi mi\\u1ec5n ph\\u00ed\",\"2\":\"T\\u1ee7 + gi\\u01b0\\u1eddng\"}', 0, '2020-07-26 09:09:25', '2020-07-26 09:14:20', '01664639897', 1, 'cho-thue-phong-day-hoc-tai-le-thanh-nghi-hai-ba-trung-ha-noi');
INSERT INTO `motelrooms` (`id`, `title`, `description`, `price`, `area`, `count_view`, `address`, `latlng`, `images`, `user_id`, `category_id`, `district_id`, `utilities`, `status`, `created_at`, `updated_at`, `phone`, `approve`, `slug`) VALUES
(54, 'Cho thuê phòng trọ số 30, Ngõ 220 Bạch Mai', 'Nhượng lại nhà nguyên căn]\r\nNhà 4 tầng thông tin như sau.\r\n- Tầng 1 để xe + nấu ăn + wc\r\n- Tầng 2 1 phòng ngủ + wc + ban công\r\n- Tầng 3 1 phòng ngủ + wc + ban công\r\n- Tầng 4 1 phòng ngủ + ban công\r\nDiện tích 25x4 (m2)\r\nĐịa chỉ số nhà 30 ngõ 220 Bạch Mai (ngay ngã 4)\r\nĐiện 3.5k/1 số - nước 50k/người.\r\nAn ninh tốt, giờ giấc tự do thoải mãi ko chung chủ. Gần ĐH Bách, Kinh, Xây. Gần chợ. Xe Bus đầu ngõ\r\nGiá 6500k/1 tháng, đặt cọc 1 tháng. Có thể ở ngay trong tháng này.\r\nLiên hệ SĐT 01689039880 hoặc ib trực tiếp fb m', 6500000, 100, 0, '235 Bạch Mai, Cầu Dền, Hai Bà Trưng, Hà Nội, Việt Nam', '{\"0\":\"21.0039482\",\"1\":\"105.8509448\"}', '{\"0\":\"phongtro-7qyXe-cho-thue-phong-tro-so-30-ngo-220-bach-mai-n1ygl.jpg\"}', 11, 3, 1, '{\"0\":\"T\\u1ee7 + gi\\u01b0\\u1eddng\",\"1\":\"Wifi mi\\u1ec5n ph\\u00ed\",\"2\":\"V\\u1ec7 sinh ri\\u00eang\"}', 0, '2020-07-26 09:11:47', '2020-07-26 09:12:24', '01689039880', 1, 'cho-thue-phong-tro-so-30-ngo-220-bach-mai'),
(55, 'Tìm người ở ghép Số 7, Hẻm 14, Ngách 190,Ngõ 521 Trương Định', 'Cần 1 nhóm bạn sinh viên tới thuê cùng!!!\r\nnhà nguyên căn tại Ngõ 521 Trương Định, ven sông Sét, gần bến xe Giáp Bát\r\n- DT 60m2 x 4 tầng , tầng 1: để xe, bếp, tầng 2, 3, mỗi tầng 1 phòng, mỗi tầng 1wc có nóng lạnh. \r\ntầng 4 sân phơi, để đồ linh tinh \r\n- Xóm có 1 cổng chung nên an ninh rất tốt, mình lười nên toàn để xe ngoài cửa nhà\r\n- Điện nước giá nhà nước\r\n-Internet cáp quang 300k/tháng chia đều\r\n- Không chung chủ, một phòng có thể ở 2-3 bạn\r\n- Giá thuê: 4tr ( có fix một chút cho bác nào thiện chí thuê ngay)Số điện thoại liên hệ: 01642466646', 4000000, 210, 0, '84 Ngõ 521 Trương Định, Thịnh Liệt, Hoàng Mai, Hà Nội, Việt Nam', '{\"0\":\"20.9802428\",\"1\":\"105.846148\"}', '{\"0\":\"phongtro-712lh-tim-nguoi-o-ghep-so-7-hem-14-ngach-190ngo-521-truong-dinh-fpzqp.jpg\"}', 11, 3, 1, '{\"0\":\"Wifi mi\\u1ec5n ph\\u00ed\",\"1\":\"T\\u1ee7 + gi\\u01b0\\u1eddng\",\"2\":\"Kh\\u00f4ng chung ch\\u1ee7\",\"3\":\"V\\u1ec7 sinh ri\\u00eang\"}', 0, '2020-07-26 09:18:10', '2020-07-26 09:29:06', '01642466646', 1, 'tim-nguoi-o-ghep-so-7-hem-14-ngach-190-ngo-521-truong-dinh'),
(56, 'Cho thuê nhà riêng Số 50 Ngõ 184 Đường Đê Trần Khát Chân', 'Phòng mới tinh cửa cuốn gồm 4 phòng ngủ, tầng 1 mặt tiền rộng 4m , mặt ngõ rộng có thể mở cửa hàng. Tầng 2 và 3 mỗi tầng là 1 phòng ngủ to và 1 nhà vệ sinh đầy đủ hiện đại, tầng 4 gồm 2 phòng ngủ nhỏ và 1 sân phơi rộng rãi. Làm hợp đồng lúc nào đến ở được luôn lúc đó\r\n_Mặt ngõ , số 50 ngõ 184 đường Đê Trần Khát Chân\r\n_Liên hệ : 0944687705\r\n_Giá : 11 triệu\r\nLưu ý: Ai muốn qua xem thì alo mình trước nhé, ai đặt cọc trước thì mình sẽ giữ nhà cho.\r\nBẢN ĐỒ VỊ TRÍ', 11000000, 120, 0, '45 Ng. 184 Đê Trần Khát Chân, Thanh Lương, Hai Bà Trưng, Hà Nội, Việt Nam', '{\"0\":\"21.0056733\",\"1\":null}', '{\"0\":\"no_img_room.png\"}', 11, 3, 1, '{\"0\":\"Kh\\u00f4ng chung ch\\u1ee7\",\"1\":\"Gi\\u1edd gi\\u1ea5c t\\u1ef1 do\",\"2\":\"V\\u1ec7 sinh ri\\u00eang\"}', 0, '2020-07-26 09:20:31', '2020-07-26 09:46:37', '0944687705', 1, 'cho-thue-nha-rieng-so-50-ngo-184-duong-de-tran-khat-chan'),
(57, 'Cho thuê nhà riêng Số 3, Ngõ 364/146/5 Đường Giải Phóng', 'THUÊ NHÀ Ở [Khu vực Giải Phóng- Hoàng Mai - Hà Nội] \r\n► Cho thuê nhà ở 3 tầng,(6 phòng, tổng diện tích 150m2). Giá 5 triệu/ tháng. phù hợp với hộ gia đình\r\n► Điện, nước dùng bao nhiêu trả tiền bấy nhiêu, giá theo nhà nước ► Địa chỉ: Nhà số 3, ngõ 364/146/5 đường giải phóng. Tổ 6 phường thịnh liệt, quận Hoàng Mai, Hà Nội\r\nLiên hệ trực tiếp chủ nhà: 0969 755 688 (Chị Hồng Anh) \r\n►Không tiếp trung gian Cám ơn các bạn đã đọ', 5000000, 150, 1, 'ngõ, 272 Giải Phóng, Định Công, Hoàng Mai, Hà Nội, Việt Nam', '{\"0\":\"20.9799454\",\"1\":\"105.8397504\"}', '{\"0\":\"phongtro-GQEMD-cho-thue-nha-rieng-so-3-ngo-3641465-duong-giai-phong-d1pjh.jpg\"}', 11, 3, 1, '{\"0\":\"Wifi mi\\u1ec5n ph\\u00ed\",\"1\":\"Kh\\u00f4ng chung ch\\u1ee7\",\"2\":\"V\\u1ec7 sinh ri\\u00eang\",\"3\":\"Gi\\u1edd gi\\u1ea5c t\\u1ef1 do\"}', 0, '2020-07-26 09:22:01', '2020-07-26 09:46:07', '0969755688', 1, 'cho-thue-nha-rieng-so-3-ngo-364-146-5-duong-giai-phong'),
(58, 'Cho thuê nhà riêng số 52, Ngách 24/17, Ngõ 295 Bạch Mai', 'Chung cư cao cấp ngõ 885 Tam Trinh\r\nHiện giờ mình còn 3 phòng\r\n---Phòng 2tr rộng 30 met vuông\r\n---2 phòng nhỏ 1,7 tr mỗi phòng rộng 20m vuông\r\nPhòng trong căn hộ chung cư cao cấp Chung cư THE ONE GAMUDA nội thất gồm tủ sàn gỗ nóng lạnh\r\nNhà mình ko ở đến nên cho các bạn sinh viên hoặc ng đi làm thuê nhé, trên này mát gió lồng lộng, quá thoải mái cho các bạn muốn thoát khỏi nhà trọ lụp xụp, nóng nực , mái tôn và proximang \r\nĐiện nước giá dân nhé :)) ( ko kinh doanh điện nc mạng )\r\nTòa nhà có 6 thang máy tốc độ bàn thờ ko lăn tăn nhé\r\nNhà đẹp long lanh r nên k có đắn đo gì mà lại hỏi lại mình, đến xem cái ưng ngay.\r\nSố mình: 094 9685116 Các bạn gọi trực tiếp nhé mình ít co time rep coment lắm. Thanks \r\nChung cư cao cấp THE ONE GAMUDA ngõ 885 Tam Trinh ( tòa nhà trắng sọc đỏ)\r\n094 9685116', 2000000, 30, 0, '295 Đường Tam Trinh, Hoàng Văn Thụ, Hoàng Mai, Hà Nội, Việt Nam', '{\"0\":\"20.9877567\",\"1\":\"105.8635068\"}', '{\"0\":\"phongtro-4bulH-cho-thue-nha-rieng-so-52-ngach-2417-ngo-295-bach-mai-q5ubs.jpg\"}', 11, 4, 1, '{\"0\":\"Wifi mi\\u1ec5n ph\\u00ed\",\"1\":\"Kh\\u00f4ng chung ch\\u1ee7\",\"2\":\"Gi\\u1edd gi\\u1ea5c t\\u1ef1 do\"}', 0, '2020-07-26 09:23:41', '2020-07-26 09:29:20', '0913270331', 1, 'cho-thue-nha-rieng-so-52-ngach-24-17-ngo-295-bach-mai'),
(59, 'Cho thuê nhà nguyên căn Số 12, Ngách 62, Ngõ An Sơn', 'Số 12, Ngách 62, hà 2 tầng 1 tum\r\nDiện tích ~30m2/1 tầng\r\nTầng 1 để xe, nấu ăn, nhà vs\r\nTầng 2 phòng ngủ + nhà vs\r\nTầng 3 gồm 1 phòng thờ + 1 sân phơi có mái che cao 4m có diện tích rộng\r\nĐiện, nước giá dân\r\nMình sống ổn định ở đây được 9 tháng rồi nhưng do phải về quê lập nghiệp nên nhượng lại nhà trọ cho các bạn có nhu cầu.\r\nGiá nhà 4tr/1 tháng, đóng 3 tháng một, cọc 1 tháng. (tức là đến thuê hoặc xem nhà các bạn cầm theo 16 củ để chốt nếu thấy hợp lý)\r\nMình chưa chụp được ảnh, nên bạn nào có nhu cầu và đang cần thuê nhà nguyên căn thì tạt qua nhanh để xem trước các bạn khác :3 (đến xem cho thực tế, hợp lý quất luôn vì mình cũng tự cảm thấy may mắn khi trước kia tìm được nhà này kịp thời)\r\nĐịa chỉ cụ thể: số 12, ngách 62, ngõ an sơn (cạnh số 77 đại la), phố đại la\r\nĐặc điểm vị trí nhà trọ:\r\n- Ngõ An Sơn là 1 ngõ bé tí, mất 1 đoạn khoảng 20m ngoài đầu ngõ 2 xe đi lại tránh nhau phải 1 xe dừng để 1 xe đi, nhưng đi nhiều thành quen. Ưu điểm là ngõ cụt, nên an ninh tốt, vứt xe ngoài quên ko dắt vào nhà mà sáng hôm sau vẫn còn :3 , ưu điểm tiếp theo là ngõ này mát dã man, đi đâu tAn Sơn', 4000000, 30, 0, '65 Đại La, Trương Định, Hai Bà Trưng, Hà Nội, Việt Nam', '{\"0\":\"20.9960362\",\"1\":\"105.84801\"}', '{\"0\":\"phongtro-djH3Z-cho-thue-nha-nguyen-can-so-12-ngach-62-ngo-an-son-fei1n.jpg\"}', 11, 3, 1, '{\"0\":\"Wifi mi\\u1ec5n ph\\u00ed\",\"1\":\"Kh\\u00f4ng chung ch\\u1ee7\",\"2\":\"V\\u1ec7 sinh ri\\u00eang\"}', 0, '2020-07-26 09:25:10', '2020-07-26 09:29:23', '0977280977', 1, 'cho-thue-nha-nguyen-can-so-12-ngach-62-ngo-an-son'),
(60, 'Cho thuê nhà riêng số 32/302 Minh Khai', 'Cho thuê: Nhà 3 tầng thoáng mát, khu dân cư an ninh tốt, điện nước giá nhà nước, không chung chủ đi lại thoải mái. Có điều hòa, vệ sinh sạch sẽ. Phù hợp với sinh viên hay hộ gia đình.\r\nLiên hệ: 0974391297 or 01628873077\r\nĐịa chỉ:32/302 Minh Khai, cách cầu Mai Động 200m.', 4500000, 50, 0, '302 Phố Minh Khai, Minh Khai, Hai Bà Trưng, Hà Nội, Việt Nam', '{\"0\":\"20.9957\",\"1\":\"105.860726\"}', '{\"0\":\"phongtro-a8084-cho-thue-nha-rieng-so-32302-minh-khai-lblxq.jpg\"}', 11, 3, 1, '{\"0\":\"Wifi mi\\u1ec5n ph\\u00ed\",\"1\":\"Kh\\u00f4ng chung ch\\u1ee7\",\"2\":\"Gi\\u1edd gi\\u1ea5c t\\u1ef1 do\"}', 0, '2020-07-26 09:27:02', '2020-07-26 09:29:27', '01628873077', 1, 'cho-thue-nha-rieng-so-32-302-minh-khai'),
(61, 'Cho thuê nhà riêng số 35, Ngõ 92 Đường Trương Định', 'Nhà xây kiểu hộ gia đình, mặt sàn tầng 1 37m vuông, có thể chuyển đến ở luôn ngay bây giờ.\r\n_ Nếu có nhu cầu thực sự thì alo mình để xem nhà và làm hợp đồng,chuyển đến ở luôn. Xin cảm ơn\r\n_ Sdt: 0944687705 \r\n_ Địa chỉ: nhà trong ngõ 92 đường TRƯƠNG ĐỊNH.', 4800000, 50, 1, '92 Trương Định, Hai Bà Trưng, Hà Nội, Việt Nam', '{\"0\":\"20.993641\",\"1\":\"105.849615\"}', '{\"0\":\"phongtro-zMr9y-cho-thue-nha-rieng-so-35-ngo-92-duong-truong-dinh-mnba5.jpg\"}', 11, 3, 1, '{\"0\":\"Kh\\u00f4ng chung ch\\u1ee7\",\"1\":\"Gi\\u1edd gi\\u1ea5c t\\u1ef1 do\"}', 0, '2020-07-26 09:28:40', '2020-07-26 09:45:18', '0944687705', 1, 'cho-thue-nha-rieng-so-35-ngo-92-duong-truong-dinh'),
(62, 'Cho thuê nhà riêng số 21, Ngách 7, Ngõ 243 Tam Trinh', 'CHO THUÊ NHÀ NGUYÊN CĂN\r\nGIÁ: 6 TRIỆU/THÁNG (có thương lượng)\r\nĐỊA CHỈ: SỐ 21, NGÁCH 7, NGÕ 243 TAM TRINH, HÀ NỘI\r\n- Diện tích: 60m2 × 2,5 tầng\r\n- Gồm: 1 phòng khách, 3 phòng ngủ, 2 WC, 1 bếp, sân chơi + sân phơi rộng, thoáng; nhà mới sơn sửa lại nên rất mới và đẹp\r\n- Điện, nước theo công tơ (giá nhà nước)\r\n- Ở riêng biệt, không chung với chủ nhà\r\n- Gần chợ, bệnh viện, gần bến xe, khu dân cư đông đúc.\r\nLiên hệ: Mr Phong: 0949393259 (chính chủ)', 6000000, 150, 8, '243 Đường Tam Trinh, Mai Động, Hoàng Mai, Hà Nội, Việt Nam', '{\"0\":\"20.989396\",\"1\":\"105.863324\"}', '{\"0\":\"phongtro-ZlTNJ-cho-thue-nha-rieng-so-21-ngach-7-ngo-243-tam-trinh-re4cq.jpg\"}', 11, 3, 1, '{\"0\":\"C\\u00f3 g\\u00e1c l\\u1eedng\",\"1\":\"Kh\\u00f4ng chung ch\\u1ee7\",\"2\":\"V\\u1ec7 sinh ri\\u00eang\"}', 0, '2020-07-26 09:32:41', '2020-08-04 08:50:05', '0949393259', 1, 'cho-thue-nha-rieng-so-21-ngach-7-ngo-243-tam-trinh'),
(63, 'PASS LẠI 2 PN CHUNG CƯ MINI MỚI XÂY SẠCH SẼ, THOÁNG MÁT, VĂN MINH', '-         Mình và con gái (5t) đang ở chung cư mini rộng rãi, thoáng mát, nhà mới xây sạch sẽ, còn 2 phòng ngủ 20m2 và 18m2, vệ sinh\r\nkhép kín tại ngõ 34 Vĩnh Tuy, muốn cho 3 - 4 bạn nữ thuê ở cùng.\r\n-         Phòng tầng 4 cao ráo mát mẻ\r\n-         Nhà hướng nam, cửa sổ hướng bắc, không nóng, không bị nắng chiếu vào\r\n-         Ban công rộng rãi, thoải mái phơi đồ. Phòng có cửa sổ nhìn ra hồ thoáng mát, sáng sủa.\r\n-         An ninh tốt, có bảo vệ, để xe dưới tầng 1\r\n-         Có phòng bếp nấu ăn chung đã có sẵn tủ lạnh, bếp gas\r\n-         Có wifi, bình nóng lạnh\r\n-         Điện 4k/số, nước 25k/m3\r\n-         Giá cho thuê: 1,5tr/phòng, đóng 3 tháng 1 lần có thể thương lượng\r\n-         Thông tin thêm liên hệ 0985320133. Có thể vào ở ngay', 1450000, 20, 1, '38 Vĩnh Tuy, Vĩnh Phú, Hai Bà Trưng, Hà Nội, Việt Nam', '{\"0\":\"21.000899\",\"1\":\"105.871923\"}', '{\"0\":\"phongtro-MoWkb-pass-lai-2-pn-chung-cu-mini-moi-xay-sach-se-thoang-mat-van-minh-2ekkv.jpg\"}', 11, 4, 1, '{\"0\":\"Kh\\u00f4ng chung ch\\u1ee7\",\"1\":\"Gi\\u1edd gi\\u1ea5c t\\u1ef1 do\"}', 0, '2020-07-26 09:35:15', '2020-07-26 09:44:57', '0985320133', 1, 'pass-lai-2-pn-chung-cu-mini-moi-xay-sach-se-thoang-mat-van-minh'),
(64, 'Cho thuê Nhà Chung Cư số 54, Ngõ 325 Kim Ngưu', 'Thuê nguyên căn chung cư, giờ chuyển về nhà nên ko có nhu cầu sử dụng nữa nên nhượng lại. Phòng master nên có toilet riêng, giường tủ bàn ghế như hình, có đầy đủ máy giặt, tủ lạnh, điều hoà..chỉ việc xách q.áo đến là ở được ngay . Vị trí thuận tiện đi lại, gần nhiều siêu thị và chợ, gần các trường B.khoa, Xây dựng, NEU, Kinh Công và kinh tế kỹ thuật.. Giá 3tr, đóng 3 tháng 1 lần và 1 tháng cọc ( vì nhà đủ đồ các bạn đến chỉ việc ở luôn) chỉ cho nữ thuê \r\nNhà chung cư, ngõ 325 kim ngưu\r\nThông tin liên hệ : fb hoặc sđt 0984535216', 2900000, 40, 0, '45 Ngõ 325 Kim Ngưu, Thanh Lương, Hai Bà Trưng, Hà Nội, Việt Nam', '{\"0\":\"21.0032805\",\"1\":\"105.8631923\"}', '{\"0\":\"phongtro-bWV35-cho-thue-nha-chung-cu-so-54-ngo-325-kim-nguu-prbhe.jpg\"}', 11, 4, 1, '{\"0\":\"T\\u1ee7 + gi\\u01b0\\u1eddng\",\"1\":\"Kh\\u00f4ng chung ch\\u1ee7\",\"2\":\"Wifi mi\\u1ec5n ph\\u00ed\"}', 0, '2020-07-26 09:36:48', '2020-07-26 09:42:06', '0984535216', 1, 'cho-thue-nha-chung-cu-so-54-ngo-325-kim-nguu'),
(65, 'Cho thuê chung cư tại TT Binh Đoàn 12 khu vực Nguyễn Khoái', 'Mình vừa thuê 1 căn hộ tại TT Binh Đoàn 12 ở khu vực Nguyễn Khoái gần cầu Thanh Trì. Do tính chất công việc nên phải nhượng lại cho bạn nào có nhu cầu. \r\nĐặc điểm căn hộ như sau:\r\nNhà nguyên căn trong khu tập thể, ở tầng 1\r\nDiện tích: 50m2 có 1 PK,1PN,1PB, 1 khu phơi quần áo, 1 vệ sinh khép kín.\r\nTiện ích: có 1 điều hòa trong PN, 1 nóng lạnh trong nhà tắm\r\nGiá thuê: 2tr5 đóng tiền 6 tháng cọc 1 tháng.\r\nLiên hệ: 0982067024', 2500000, 50, 0, '285 Nguyễn Khoái, Bạch Đằng, Hai Bà Trưng, Hà Nội, Việt Nam', '{\"0\":\"21.017206\",\"1\":\"105.8624957\"}', '{\"0\":\"phongtro-SFrjD-cho-thue-chung-cu-tai-tt-binh-doan-12-khu-vuc-nguyen-khoai-tppgm.jpg\"}', 11, 4, 1, '{\"0\":\"C\\u00f3 g\\u00e1c l\\u1eedng\",\"1\":\"T\\u1ee7 + gi\\u01b0\\u1eddng\"}', 0, '2020-07-26 09:38:23', '2020-07-26 09:42:11', '0982067024', 1, 'cho-thue-chung-cu-tai-tt-binh-doan-12-khu-vuc-nguyen-khoai'),
(66, 'CHUNG CƯ MINI GIÁ RẺ ở 230 LẠC TRUNG – HAI BÀ TRƯNG', 'CHUNG CƯ MINI GIÁ RẺ ở 230 LẠC TRUNG – HAI BÀ TRƯNG\r\nCòn DUY NHẤT 2 phòng khép kín rộng 20m2\r\n- Phòng thoáng mát, sạch sẽ, đẹp ko chung chủ, thoải mái giờ giấc.\r\n- Phòng khép kín, thiết bị vệ sinh đầy đủ, có bình nóng lạnh và giường 1,6m X 2m.\r\n- Khu để xe tầng 1, rộng rãi. \r\n- Gần các trường: KD & CN, Kinh tế - kỹ thuật, ĐH Phương Đông, Kinh Tế Quốc Dân, Bách Khoa, Xây Dựng...\r\n- Điện : 3.5k/số , Nước : 70k/người, mạng 90k/phòng\r\nGIÁ: 2.600.000/ Tháng – Thanh toán 3 tháng 1 – Cọc 1 tháng.\r\nĐịa chỉ: 18E, Ngõ 230 Lạc Trung, Hai Bà Trưng\r\nLiên hệ: 0963 939 000', 2600000, 20, 0, '5 Ngõ 230 Lạc Trung, Thanh Lương, Hai Bà Trưng, Hà Nội, Việt Nam', '{\"0\":\"21.0033227\",\"1\":\"105.8660808\"}', '{\"0\":\"phongtro-b6wN8-chung-cu-mini-gia-re-o-230-lac-trung-hai-ba-trung-jxnba.jpg\"}', 11, 4, 1, '{\"0\":\"Kh\\u00f4ng chung ch\\u1ee7\",\"1\":\"Gi\\u1edd gi\\u1ea5c t\\u1ef1 do\"}', 0, '2020-07-26 09:39:37', '2020-07-26 09:42:15', '0963939000', 1, 'chung-cu-mini-gia-re-o-230-lac-trung-hai-ba-trung'),
(67, 'Tìm nữ ở ghép CCCC Times City (2.4tr)', 'Mình cần tìm nữ (có lý lịch rõ ràng, ưu tiên người làm văn phòng) ở ghép trong căn hộ cao cấp Times City. Căn hộ rộng 83.5 m2 rất đẹp và mát, hướng Đông Nam, gồm 2 phòng ngủ, 1 phòng khách, 2 phòng tắm đứng nóng lạnh, bếp từ, 3 điều hoà, tủ lạnh. Miễn phí dịch vụ, bể bơi 4 mùa, sảnh đón khách sang trọng. Có các khu vui chơi thư giãn hiện đại. Cuộc sống như trong khách sạn 5*. Giá 2.4tr/người, 2 người/phòng. Điện, nước, Internet theo giá nhà nước. Đóng tiền nhà 3 tháng một, đặt cọc 1 tháng.\r\nMình là người dễ  gần, hoà đồng. Bạn nào có thiện chí ở cùng thì gọi mình theo số 0989.339.691\r\nCảm ơn bạn đã đọc tin', 2400000, 83, 1, '458 Phố Minh Khai, Vĩnh Phú, Hai Bà Trưng, Hà Nội, Việt Nam', '{\"0\":\"20.9950001\",\"1\":null}', '{\"0\":\"no_img_room.png\"}', 11, 4, 1, '{\"0\":\"C\\u00f3 g\\u00e1c l\\u1eedng\",\"1\":\"T\\u1ee7 + gi\\u01b0\\u1eddng\",\"2\":\"Chung ch\\u1ee7\"}', 0, '2020-07-26 09:40:42', '2020-07-26 09:47:37', '0989339691', 1, 'tim-nu-o-ghep-cccc-times-city-2-4tr'),
(68, 'Cho thuê chung cư Nam Đô 609 Trương Định', 'Cho Thuê phòng ( chung cư Nam đô 609 trương định)\r\nHiện Tại nhà mình đang có phòng 32m2 cho thuê giá 3tr6 vsinh khép kín bên trong có phòng tắm kính riêng + ban công riêng .. Có sàn gỗ \r\nCả nhả chung phòng khách\r\nNấu ăn và để đồ ở ngoài phòng khách tuỳ ý\r\nDưới tầng 1 có siêu thị,sân chơi, tập gym, chợ nhỏ ngay ngoài cổng chung cư,lớp mầm non,đu quay cho bé.....vvv =>> như 1 thành phố thu nhỏ\r\nLiên hệ 01684659999 để đến xem trực tiếp Và còn 1 phòng 21m2 giá 2tr7\r\nMiễn trung gian', 2700000, 21, 1, '19, Ngách 36, Giếng Mứt, Phường Trương Định, Quận Hai Bà Trưng, Thành Phố Hà Nội, Trương Định, Hai Bà Trưng, Hà Nội, Việt Nam', '{\"0\":\"20.9937815\",\"1\":null}', '{\"0\":\"no_img_room.png\"}', 11, 4, 1, 'null', 0, '2020-07-26 09:41:54', '2020-07-26 09:44:27', '01684659999', 1, 'cho-thue-chung-cu-nam-do-609-truong-dinh-luot-xem-663'),
(69, 'Cho thuê phòng khu vực Cổ nhuế - Phòng rộng 13m vuông khép kín. Có sân rộng', 'Cho thuê phòng khu vực Cổ nhuế - Phòng rộng 13m vuông khép kín. Có sân rộng', 1200000, 18, 0, '347 Cổ Nhuế, Bắc Từ Liêm, Hà Nội, Việt Nam', '{\"0\":\"21.0658445\",\"1\":\"105.7793809\"}', '{\"0\":\"phongtro-hVQvF-Screenshot (3).png\"}', 11, 1, 7, '{\"0\":\"C\\u00f3 g\\u00e1c l\\u1eedng\",\"1\":\"Wifi mi\\u1ec5n ph\\u00ed\"}', 0, '2020-07-26 09:53:40', '2020-07-26 09:59:22', '0384800110', 1, 'cho-thue-phong-khu-vuc-co-nhue-phong-rong-13m-vuong-khep-kin-co-san-rong'),
(70, 'Phòng trọ CCMN giá rẻ tại Nhổn, quận Bắc Từ Liêm, Hà Nội', 'Hiện tại mình còn một số phòng cho thuê như hìnhKhép kín, không chung chủ, giờ giấc thoải mái Có #điều_hòa, #nóng_lạnh, #giường, #tủ, #quạt_trần, #gác_xép,...Nơi để xe rộng, Khóa Vân Tay, camera an ninhNhà còn phòng tầng 3,4,5/7 tầng. Có thang máy chạy miễn phíĐiện nước giá dân, điện 2k5/số dùng điều hòa thả ga, nước 80k/người, mạng 100k/phòngPhòng diện từ 22 - 25m2 giá từ 2.600.000 - 2.900.000 Địa chỉ: số nhà 15 ngõ 91/6 Cầu Diễn ( gần trường mầm non Sao Mai Cầu Diễn)LH xem phòng miễn phí: 0971.369.515#Cầu_diễn, #Phòng_trọ_giá_rẻ,#Jay', 2900000, 26, 0, '36 Ngõ 91 Cầu Diễn, Phúc Diễn, Từ Liêm, Hà Nội, Việt Nam', '{\"0\":\"21.0439888\",\"1\":\"105.7509919\"}', '{\"0\":\"phongtro-prIHM-phong-tro-ccmn-gia-re-tai-nhon-quan-bac-tu-liem-ha-noi-ilfyw.jpg\"}', 11, 4, 7, '{\"0\":\"Wifi mi\\u1ec5n ph\\u00ed\",\"1\":\"Kh\\u00f4ng chung ch\\u1ee7\",\"2\":\"V\\u1ec7 sinh ri\\u00eang\"}', 0, '2020-07-26 09:56:02', '2020-07-26 09:59:26', '0971.369.515', 1, 'phong-tro-ccmn-gia-re-tai-nhon-quan-bac-tu-liem-ha-noi'),
(71, 'Phòng trọ đầy đủ đồ giá rẻ cho thuê tại Cầu diễn gần đường 32', 'Free tiền nhà tháng 5 cho khách mới vào thuê\r\nHiện tại mình đnag trống 1 số phòng cho thuê tại Cầu Diễn\r\nPhòng đầy đủ điều hòa, nóng lạnh, giường, tủ, quạt trần,..\r\nĐiện nước giá dân, điện 2k5/số điện, nước 80k/người, mạng 100k\r\nKhép kín, không chung chủ, giờ giấc thoải mái\r\nDiện tích từ 24-28m2 giá từ 2.300.000 - 2.900.000\r\nChỗ để xe rộng, camera, khóa vân tay, an ninh cực tốt\r\nMình free tiền phong cho những bạn mới thuê\r\nĐịa chỉ: số 15c ngõ 91/6 Cầu Diễn, Bắc Từ Liêm, Hà Nội\r\nLH: 036.249.5525', 2600000, 25, 0, '36 Ngõ 91 Cầu Diễn, Phúc Diễn, Từ Liêm, Hà Nội, Việt Nam', '{\"0\":\"21.0439888\",\"1\":\"105.7509919\"}', '{\"0\":\"phongtro-6PIjE-phong-tro-day-du-do-gia-re-cho-thue-tai-cau-dien-gan-duong-32-gjbbb.jpg\"}', 11, 1, 7, '{\"0\":\"Gi\\u1edd gi\\u1ea5c t\\u1ef1 do\",\"1\":\"V\\u1ec7 sinh ri\\u00eang\"}', 0, '2020-07-26 09:57:47', '2020-07-26 09:59:30', '036.249.5525', 1, 'phong-tro-day-du-do-gia-re-cho-thue-tai-cau-dien-gan-duong-32'),
(72, 'Phòng trọ Cầu Diễn giá rẻ, gần trường Đại học Công Nghiệp Hà nội', 'PhòngFull đồ, chuyển vào ở được luôn, hỗ trợ ngay 300k chuyển đồ\r\n- Phòng vệ sinh khép kín, không chung chủ, giờ  giấc thoải mái\r\n- An ninh tốt, có nơi để xe, camera, khóa vân tay\r\n- Điện nước giá rẻ, điện 2k5/số, nước 80k/người,internet 100k/phòng(mỗi phòng 1 dây riêng)\r\n- Khu vực trung tâm, gần chợ, gần trường ĐH Công Nghiệp, ThươngMại, Nhổn, Cao Đẳng Công Nghệ In\r\n- Giá phòng dao động từ 2.300.000 –2.900.000, có gác xep, diệntích từ 20 - 30m2 - Hình thức thanh toán cọc 1 đóng 1\r\nĐịa chỉ: số 15c, ngõ 91/6 Cầu Diễn (Kiều Mai), Từ Liêm, Hà Nội\r\nLiên Hệ : 0971.369.515\r\n#Phòngtrọ #Đhcn #TMU #Nhổn #CầuDiễn #BDSX', 2600000, 30, 0, '36 Ngõ 91 Cầu Diễn, Phúc Diễn, Từ Liêm, Hà Nội, Việt Nam', '{\"0\":\"21.0439888\",\"1\":\"105.7509919\"}', '{\"0\":\"phongtro-iN3Af-phong-tro-cau-dien-gia-re-gan-truong-dai-hoc-cong-nghiep-ha-noi-efea9.jpg\"}', 11, 1, 7, '{\"0\":\"Wifi mi\\u1ec5n ph\\u00ed\",\"1\":\"Chung ch\\u1ee7\",\"2\":\"Gi\\u1edd gi\\u1ea5c t\\u1ef1 do\"}', 0, '2020-07-26 09:59:13', '2020-07-26 09:59:35', '0971.369.515', 1, 'phong-tro-cau-dien-gia-re-gan-truong-dai-hoc-cong-nghiep-ha-noi'),
(73, 'Phòng trọ giá rẻ ở Cổ Nhuế, giảm giá mùa Covid', 'Cho thuê Phòng vệ sinh khép kín, không chung chủ, giờ giấc thoải mái\r\nChính chủ cho thuê CCMN mới xây, đầy đủ nóng lạnh, điều hòa, giường, tủ.\r\nTiện ích: đầy đủ điều hòa,nóng lạnh, giường, tủ', 2500000, 30, 0, '57 Ngõ 521, Cổ Nhuế, Từ Liêm, Hà Nội, Việt Nam', '{\"0\":\"21.0672922\",\"1\":\"105.7767049\"}', '{\"0\":\"phongtro-w4mI1-phong-tro-gia-re-o-co-nhue-giam-gia-mua-covid-d5zlq.jpg\"}', 11, 1, 7, '{\"0\":\"Kh\\u00f4ng chung ch\\u1ee7\",\"1\":\"Gi\\u1edd gi\\u1ea5c t\\u1ef1 do\",\"2\":\"V\\u1ec7 sinh ri\\u00eang\"}', 0, '2020-07-26 10:01:42', '2020-07-26 10:06:35', '0971369515', 1, 'phong-tro-gia-re-o-co-nhue-giam-gia-mua-covid'),
(74, 'CCMN VIP PHÚ DIỄN,GẦN ĐẠI HỌC TÀI NGUYÊN,KHÔNG CHUNG CHỦ', 'Địa chỉ : Số nhà 38 Ngõ 193/220 PHÚ DIỄN, HỒ PHÚ DIỄN. SDT : 0968593247 Anh Lịch chủ nhà.\r\nDiện tích : 30-35m, khép kín, tầng 2-3, có gác xép đồ rộng rãi.\r\nNội thất : Nóng lạnh,giường,quạt trần,kệ bếp chậu rửa.\r\nPhòng thoáng đẹp,có ban công,chỗ phơi đồ.\r\nGiờ giấc tự do,không hạn chế số lượng người ở.\r\nGiá phòng có thương lượng : Căn 35m tầng 2 giá 3tr, căn 30m tầng 3 giá 2tr7. Điện 4k/số, nước 100k/người. Thanh toán 1 tháng/lần, đặt cọc 1 tháng.', 3000000, 30, 0, '83, Ngõ 193, Phú Diễn, Làng Phú Diễn, Từ Liêm, Hà Nội, Việt Nam', '{\"0\":\"21.0536391\",\"1\":\"105.7600645\"}', '{\"0\":\"phongtro-RT1SG-ccmn-vip-phu-diengan-dai-hoc-tai-nguyenkhong-chung-chu-resized-bp3g5.jpg\",\"1\":\"phongtro-cFLqS-ccmn-vip-phu-diengan-dai-hoc-tai-nguyenkhong-chung-chu-resized-hk9af.jpg\"}', 11, 1, 7, '{\"0\":\"Kh\\u00f4ng chung ch\\u1ee7\",\"1\":\"Wifi mi\\u1ec5n ph\\u00ed\",\"2\":\"Gi\\u1edd gi\\u1ea5c t\\u1ef1 do\"}', 0, '2020-07-26 10:04:39', '2020-07-26 10:06:39', '0968593247', 1, 'ccmn-vip-phu-dien-gan-dai-hoc-tai-nguyen-khong-chung-chu'),
(75, 'CÒN 1P CÓ ĐIỀU HOÀ DUY NHẤT TẠI CỔ NHUẾ', 'Cho thuê phòng mới xây phòng rộng 25m tại toà nhà 5 tầng mới xây tại cổ nhuế,cách ngã tư cổ nhuế 200-300m.Địa chỉ : nhà 19 ngõ 162 cổ nhuế.Phòng đều thoáng mát và có ánh sáng tự nhiên. Giờ giấc tự do, đi khoá về mở. Nội thất : Điều hoà, nóng lạnh, giường, quạt trần…. Giá 2tr7! Phòng tầng 5, cầu thang bộ. Thanh toán 1 tháng, cọc 1 tháng.Điện 4k, nước 100k/người.Liên hệ : 0968.593.247 - Mr Lịch.', 3100000, 25, 0, '11 Ngõ 162 Cổ Nhuế, Cổ Nhuế, Từ Liêm, Hà Nội, Việt Nam', '{\"0\":\"21.0629018\",\"1\":\"105.7805387\"}', '{\"0\":\"phongtro-G3mrM-con-1p-co-dieu-hoa-duy-nhat-tai-co-nhue-38il5.jpg\"}', 11, 1, 7, '{\"0\":\"Kh\\u00f4ng chung ch\\u1ee7\",\"1\":\"Wifi mi\\u1ec5n ph\\u00ed\",\"2\":\"C\\u00f3 g\\u00e1c l\\u1eedng\"}', 0, '2020-07-26 10:06:29', '2020-07-26 10:06:43', '0968593247', 1, 'con-1p-co-dieu-hoa-duy-nhat-tai-co-nhue'),
(76, 'Căn hộ mini mới xây khép kín 30-35m tại phú diễn', 'Địa chỉ : Số nhà 11 Ngõ 259 PHÚ DIỄN, HỒ PHÚ DIỄN. SDT : 0354795503 - Mr Khang.Nội thất :Điều hoà ,nóng lạnh, giường, tủ, kệ bếp chậu rửa.Nhà có ban công tất cả các phòng, phơi đồ riêng từng phòng.Đặc biệt giờ giấc tự do,mỗi người một chìa khoá ra vào.Tự do tiếp đón bạn bè.Nhà gần chợ, cách đại học TÀI NGUYÊN  MÔI TRƯỜNG 400m, HỌC VIỆN CẢNH SÁT 1km,Đại Học Thương Mại 2.5km,Sân Khấu Điện Ảnh 3km,ĐH CÔNG NGHIỆP 3Km, …… Cách bến xe bus 05 chỉ 50m.Giá phòng : Phòng 27m tầng 3 giá 3tr full đồ, không điều hoà giá 2tr7. Thanh toán 1 tháng, cọc 1 tháng. Có ưu đãi cho bạn nào đặt cọc ngay hôm nay.Điện 4k/số, nước 100k/người. Thanh toán 1 tháng/lần, đặt cọc 1 tháng.', 3000000, 27, 0, 'Số 9 Ngõ 259 Đường Phú Diễn, Phú Diễn, Bắc Từ Liêm, Hà Nội, Việt Nam', '{\"0\":\"21.0538159\",\"1\":\"105.7635112\"}', '{\"0\":\"phongtro-SOAXT-can-ho-mini-moi-xay-khep-kin-30-35m-tai-phu-dien-resized-8h28w.jpg\"}', 11, 4, 7, '{\"0\":\"Kh\\u00f4ng chung ch\\u1ee7\",\"1\":\"Gi\\u1edd gi\\u1ea5c t\\u1ef1 do\",\"2\":\"V\\u1ec7 sinh ri\\u00eang\"}', 0, '2020-07-26 10:23:10', '2020-07-26 10:33:22', '0354795503', 1, 'can-ho-mini-moi-xay-khep-kin-30-35m-tai-phu-dien'),
(77, 'phòng trọ,ccmn giá rẻ tại Xuân ĐỈnh có điều hòa, nóng lạnh', 'Cuối tháng 7 này mình còn 3 phòng CCMN tại Xuân Đỉnh cho thuê\r\n- Trong phòng có điều hòa, nóng lạnh, giường, tủ, kệ bếp\r\n- vệ sinh khép kín, không chung chủ, giờ giấc thoải mái, hệ thống camera và khóa cửa vân tay\r\n- Gần các trường đại hoc lớn và đường Xuân La, Võ Chí Công, Công Viên Hòa Bình\r\n- Phòng có 2 mức giá là 2.400.000 và 2.600.000 tùy vào diện tích phòng\r\nĐịa chỉ: số nhà 15 ngõ 401 Xuân Đỉnh\r\nLH: 0971369515\r\n#bdsx #nhatroxuandinh', 2600000, 25, 1, '47 Ngõ 401 Đường Xuân Đỉnh, Xuân Đỉnh, Bắc Từ Liêm, Hà Nội, Việt Nam', '{\"0\":\"21.0720838\",\"1\":\"105.7876544\"}', '{\"0\":\"phongtro-HxEIX-phong-troccmn-gia-re-tai-xuan-dinh-co-dieu-hoa-nong-lanh-jpuhi.jpg\"}', 11, 4, 7, '{\"0\":\"Wifi mi\\u1ec5n ph\\u00ed\",\"1\":\"V\\u1ec7 sinh ri\\u00eang\",\"2\":\"Gi\\u1edd gi\\u1ea5c t\\u1ef1 do\"}', 0, '2020-07-26 10:24:34', '2020-08-03 08:42:35', '0971369515', 1, 'phong-tro-ccmn-gia-re-tai-xuan-dinh-co-dieu-hoa-nong-lanh'),
(78, 'Cho thuê phòng trọ giá rẻ khu vực Nhổn - Tây Tựu', 'Sinh viên ra trường trả phòng nên cho thuê phòng trọ\r\n- giá sinh viên, rộng rãi thoáng mát, dịch vụ giá rẻ Điện chỉ 2k3/số\r\n- Nước 70k/người, mạng 70k/phòng max khỏe, chiến game, xem phim thoải mái\r\n- phòng có giá từ 1.150.000- 2.000.000\r\n- Giờ giấc thoải mái, không chung chủ, có nơi để xe miễn phí\r\nĐịa chỉ: Ngõ 160 Tây Tựu( gần hồ trái tim)\r\nLh: 0971.369.515', 1150000, 17, 0, '160 Tây Tựu, Từ Liêm, Hà Nội, Việt Nam', '{\"0\":\"21.0721532\",\"1\":\"105.7281708\"}', '{\"0\":\"phongtro-gvbME-can-ho-mini-moi-xay-khep-kin-30-35m-tai-phu-dien-resized-26wnz.jpg\"}', 11, 1, 7, '{\"0\":\"C\\u00f3 g\\u00e1c l\\u1eedng\",\"1\":\"T\\u1ee7 + gi\\u01b0\\u1eddng\",\"2\":\"Kh\\u00f4ng chung ch\\u1ee7\"}', 0, '2020-07-26 10:26:07', '2020-07-26 10:33:31', '0971.369.515', 1, 'cho-thue-phong-tro-gia-re-khu-vuc-nhon-tay-tuu'),
(79, 'Nhà khép kín , sân rộng , lối đi riêng , giờ giấc thoải mái', 'Nhà khép kín , sân rộng , lối đi riêng , giờ giấc thoải mái', 1050000, 15, 0, '6 Ngõ 487, Cổ Nhuế, Từ Liêm, Hà Nội, Việt Nam', '{\"0\":\"21.0690153\",\"1\":\"105.7781043\"}', '{\"0\":\"phongtro-aglcT-con-1p-co-dieu-hoa-duy-nhat-tai-co-nhue-vm2je.jpg\"}', 11, 1, 7, '{\"0\":\"C\\u00f3 g\\u00e1c l\\u1eedng\",\"1\":\"T\\u1ee7 + gi\\u01b0\\u1eddng\",\"2\":\"V\\u1ec7 sinh ri\\u00eang\"}', 0, '2020-07-26 10:28:21', '2020-07-26 10:33:35', '09629222640', 1, 'nha-khep-kin-san-rong-loi-di-rieng-gio-giac-thoai-mai'),
(80, 'Cho thuê phòng trọ tại Trần Cung - Bắc Từ Liêm', 'Cho thuê phòng trọ khép kín 16m2 gác xép 9m2.\r\nGiá 2,2tr/tháng, điện nước có đòng hồ tính giá chung nhà nước quy định. Miễn phí internet truyền hình cáp, có bình nóng lạnh.\r\nCó chỗ để xe, sân phơi đồ, an ninh tốt, thoáng mát, an toàn. Thích hợp cho hộ ga đình nhỏ hoặc người đã đi làm.\r\nĐịa chỉ: Số 35 ngách 195/41, ngõ 195 Trần cung, Bắc Từ Liêm, HN.\r\nLH: Cô Thanh : 01677 858 638', 2200000, 30, 0, '71 Ngõ 195 - Trần Cung, Cổ Nhuế, Từ Liêm, Hà Nội, Việt Nam', '{\"0\":\"21.0537814\",\"1\":\"105.7853137\"}', '{\"0\":\"phongtro-bIfkn-cho-thue-phong-tro-tai-tran-cung-bac-tu-liem-hpgaj.jpg\"}', 11, 1, 7, '{\"0\":\"Wifi mi\\u1ec5n ph\\u00ed\",\"1\":\"Kh\\u00f4ng chung ch\\u1ee7\",\"2\":\"Gi\\u1edd gi\\u1ea5c t\\u1ef1 do\"}', 0, '2020-07-26 10:30:37', '2020-07-26 10:33:39', '01677 858 638', 1, 'cho-thue-phong-tro-tai-tran-cung-bac-tu-liem'),
(81, 'Tìm 1 nam ở ghép', 'Tìm thêm một nam ở ghép, phòng còn rất rộng, ở thoải mái.\r\nNhà vệ sinh dùng chung với một phòng nữ.\r\nỞ tầng 2', 1200000, 16, 0, '25 Ngõ 562 Trần Cung, Cổ Nhuế, Từ Liêm, Hà Nội, Việt Nam', '{\"0\":\"21.0588703\",\"1\":\"105.7837617\"}', '{\"0\":\"phongtro-qkRdV-cho-thue-phong-tro-tai-tran-cung-bac-tu-liem-6tnvi.jpg\"}', 11, 2, 7, '{\"0\":\"Gi\\u1edd gi\\u1ea5c t\\u1ef1 do\",\"1\":\"V\\u1ec7 sinh chung\",\"2\":\"Wifi mi\\u1ec5n ph\\u00ed\"}', 0, '2020-07-26 10:31:48', '2020-07-26 10:33:43', '0924963371', 1, 'tim-1-nam-o-ghep'),
(82, 'Cho thuê nhà trọ sinh viên giá hợp lí nhất', 'Cho thuê nhà trọ sinh viên giá hợp lí nhất, cách  3 trường đại học khoảng 2km (ĐH mỏ, HV tài chính, Đại học tài nguyên môi trường), gần chợ, phòng rộng khoảng 15m, có gác set ( dài x rộng ) 4m.phòng tắm có vòi tắm hoa sen, có kệ bếp để bếp ga.', 1200000, 20, 0, '487 Cổ Nhuế, Bắc Từ Liêm, Hà Nội, Việt Nam', '{\"0\":\"21.0689729\",\"1\":\"105.7783788\"}', '{\"0\":\"phongtro-ebmyN-ccmn-vip-phu-diengan-dai-hoc-tai-nguyenkhong-chung-chu-resized-jsq7b.jpg\"}', 11, 1, 7, '{\"0\":\"Kh\\u00f4ng chung ch\\u1ee7\",\"1\":\"Gi\\u1edd gi\\u1ea5c t\\u1ef1 do\"}', 0, '2020-07-26 10:33:09', '2020-07-26 10:33:46', '01633759367', 1, 'cho-thue-nha-tro-sinh-vien-gia-hop-li-nhat'),
(83, 'Cho thuê phòng trọ 20m2 tại Phường Cổ Nhuế 2', 'Mọi chi tiết liên hệ sđt 0971489861 gặp chú Hậu', 1500000, 20, 0, '11 Ngõ 162 Cổ Nhuế, Cổ Nhuế, Từ Liêm, Hà Nội, Việt Nam', '{\"0\":\"21.0628636\",\"1\":\"105.78054\"}', '{\"0\":\"phongtro-mWIK4-cho-thue-phong-tro-tai-tran-cung-bac-tu-liem-dqvew.jpg\"}', 11, 1, 7, '{\"0\":\"Kh\\u00f4ng chung ch\\u1ee7\",\"1\":\"Gi\\u1edd gi\\u1ea5c t\\u1ef1 do\"}', 0, '2020-07-26 10:35:46', '2020-07-26 10:53:25', '0971489861', 1, 'cho-thue-phong-tro-20m2-tai-phuong-co-nhue-2'),
(84, 'Cho thuê phòng khép kín, mới, đẹp, đầy đủ tiện nghi gần HV Tài Chính, ĐH Thương Mại', 'Cho thuê phòng khép kín, mới, đẹp, đầy đủ tiện nghi gầnHV Tài Chính, ĐH Thương Mại\r\n* Địa chỉ: Nhà số 10, ngách 32/45/9, phố Viên (nhà màuxanh ngay sau nhà văn hoá phố Viên)\r\n* Diện tích: 25m2 khép kín\r\n* Giao thông đi lại nhanh chóng, chợ búa thuận tiện. Gầnbến xe buýt, gần các trường Học Viện Tài Chính (đi bộ 5 phút), ĐH Mỏ Địa Chất\r\n(đi bộ 5 phút), CĐ Tài Nguyên Môi Trường, … & cách đường Phạm Văn Đồng\r\n1.5km, cách thành phố giao lưu 1km …\r\n* Tòa nhà 4 tầng mới tinh vừa khánh thành tháng1/2018, thiết kế hiện đại hợp lý, phòng rộng rãi, có cửa sổ thoáng, tầm nhìn rộng\r\nthằng sang trường Tài Chính, gần chợ.\r\n* Nội thất đầy đủ, mới tinh: Điều hòa, Nóng lạnh, Senvòi, Giường, Tủ quần áo, Internet.\r\n* Giờ giấc tự do, không ở chung với chủ nhà.\r\n* Chỗ để xe trong nhà, ngay tầng 1.\r\n* Có chỗ nấu ăn, sân phơi rộng rãi thoáng mát.\r\n* Có camera an ninh, khu vực yên tĩnh an ninh tốt, cựckì an toàn.\r\n* Công trình vệ sinh khép, đã lắp đặt nóng lạnh.\r\n* Đặc biệt thích hợp với các bạn sinh viên có yêu cầucao và các cặp gia đình trẻ thích không gian riêng biệt, yên tĩnh và văn minh.\r\nƯu tiên các bạn/gia đình có nhu cầu ở ổn định lâu dài.\r\n* Điện: 4.000đ/số; Nước theo công tơ riêng\r\n* Giá phòng: 2,3 đến 2,5 triệu/tháng\r\n* Liên hệ: 0983-537-084', 2500000, 25, 0, '32 Phố Viên, Cổ Nhuế, Từ Liêm, Hà Nội, Việt Nam', '{\"0\":\"21.0621138\",\"1\":\"105.772958\"}', '{\"0\":\"phongtro-X2gQV-con-1p-co-dieu-hoa-duy-nhat-tai-co-nhue-egzaj.jpg\"}', 11, 1, 7, '{\"0\":\"Wifi mi\\u1ec5n ph\\u00ed\",\"1\":\"Kh\\u00f4ng chung ch\\u1ee7\",\"2\":\"Gi\\u1edd gi\\u1ea5c t\\u1ef1 do\"}', 0, '2020-07-26 10:37:43', '2020-07-26 10:53:31', '0983-537-084', 1, 'cho-thue-phong-khep-kin-moi-dep-day-du-tien-nghi-gan-hv-tai-chinh-dh-thuong-mai'),
(85, 'Tìm nữ ở ghép', 'Tìm nữ ở ghép ở số 5 ngõ 210 HQV( gần cao đẳng sptw, hvktqs, cao đẳng du lịch, đh điện lực..). Phòng trong dãy nhà C4 mới xây, có chỗ để xe, sân phơi, khép kín...\r\n giá 2tr/phòng\r\n điện 4k/số\r\n nước 80k/ng', 2000000, 15, 0, '210 Hoàng Quốc Việt, Cổ Nhuế, Cầu Giấy, Hà Nội, Việt Nam', '{\"0\":\"21.0465427\",\"1\":null}', '{\"0\":\"no_img_room.png\"}', 11, 2, 7, '{\"0\":\"T\\u1ee7 + gi\\u01b0\\u1eddng\",\"1\":\"Wifi mi\\u1ec5n ph\\u00ed\"}', 0, '2020-07-26 10:39:28', '2020-07-26 10:53:36', '0969445039', 1, 'tim-nu-o-ghep'),
(86, 'Cho thuê phòng trọ số 43, Ngõ 545 Xuân Đỉnh,Quận Từ Liêm, Hà Nội', 'Thuê nhà không ở với chủ\r\n- Phòng 20m2, giá 1,5 triệu/tháng, vệ sinh khép kín .\r\ntoilet để được máy giặt, Có sân rộng khoảng 20m2 thích hợp với những bạn thích trồng cây\r\nThanh toán 1 tháng 1 lần, vào đầu tháng.\r\nGiá điện nước tính theo giá nhà nước.\r\nVị trí: Mất 5 phút đi bộ đến Ngã tư Tân Xuân, Xuân Đỉnh. Cách mặt đường bến xe bus Phạm Văn Đồng 70m, \r\nVị trí gần trường Đoàn Thị Điểm (cách 200m), gần trường ĐH Mỏ Địa Chất (cách 500m).thuận tiện bắt xe bus đi các ngã đường.\r\nMọi chi tiết xin LH: 0961677576. Liên hệ trước để xem phòng.\r\nĐịa chỉ: Ngõ 545 Xuân Đỉnh,Quận Từ Liêm, Hà Nội', 1500000, 20, 1, '4 Ngõ 545, Xuân Đỉnh, Từ Liêm, Hà Nội, Việt Nam', '{\"0\":\"21.0766674\",\"1\":\"105.7869787\"}', '{\"0\":\"phongtro-2Rj0H-cho-thue-phong-tro-so-43-ngo-545-xuan-dinhquan-tu-liem-ha-noi-vew7p.jpg\"}', 11, 1, 7, '{\"0\":\"Wifi mi\\u1ec5n ph\\u00ed\",\"1\":\"Kh\\u00f4ng chung ch\\u1ee7\",\"2\":\"Gi\\u1edd gi\\u1ea5c t\\u1ef1 do\",\"3\":\"V\\u1ec7 sinh ri\\u00eang\"}', 0, '2020-07-26 10:41:28', '2020-08-04 08:58:30', '0961677576', 1, 'cho-thue-phong-tro-so-43-ngo-545-xuan-dinh-quan-tu-liem-ha-noi'),
(87, 'CĂN HỘ CHUNG CƯ MINI TRUNG CẤP MỚI TINH, TUYỆT ĐẸP CHO HỘ GIA ĐÌNH NHỎ VÀ DÂN VĂN PHÒNG THUÊ DƯỚI 3 TRIỆU TẠI XUÂN ĐỈNH!', 'GIÁ THUÊ CĂN HỘ:\r\n- Giá thuê căn hộ: 2,4 - 2,9 triệu (tùy căn hộ và tùy tầng) và đã bao\r\ngồm internet 40Mb/s, truyền hình cáp VTV. Khách hàng muốn có điều hòa\r\n12000BTU, phí thuê căn hộ sẽ tăng thêm 200,000 đồng/tháng.\r\n- Giá điện: 3,500 đồng/kwH\r\n- Giá nước (giếng khoan): 50,000 đồng/người/tháng Đối tượng thuê: Hộ gia đình nhỏ (2 người lớn + 1 trẻ em) hoặc dân văn phòng độc thân hoặc 2 chị em gái (đã đi làm).\r\n- Điều kiện thuê: Ký hợp đồng tối thiểu 12 tháng và chấp thuận tuân thủ\r\nnội qui Chung cư đề ra, đặt cọc 1 tháng tiền thuê, thanh toán phí thuê\r\nhàng tháng vào 5 ngày đầu mỗi tháng. MÔ TẢ/TRANG THIẾT BỊ CĂN HỘ:\r\n- Diện tích: 27-28m2/mỗi căn hộ\r\n- Cửa chính: cửa thép an toàn, chống cháy có ống nhòm.\r\n- Cửa sổ, cửa ban công, cửa WC: nhôm kính\r\n- Lan can (cho căn hộ phía trước): sắt nan dọc cao 1m3 rất an toàn ngay cả với người lớn.\r\n- Nội thất: Giường gỗ 1m6 x 2m, tủ gỗ 3 cánh 1m6 x 2m (cho căn hộ phía trước) và 2 cánh 1m2 x 2m (cho căn hộ phía sau)\r\n- Ánh sáng: Đèn led 100% cho từng khu vực chức năng\r\n- Khu vực bếp: Tủ bếp 2 tầng nhôm kính 1m85, bàn bếp nhôm kính mặt đá 1m95, máy hút khói, chậu rửa Vicky và vòi rửa Anh Hiếu.\r\n- Khu vực WC: 2m50 x 1m25 gồm chậu rửa mặt Viglacera, vòi chậu Jodino,\r\nsen tắm Jodino, phụ kiện phòng tắm Vicky, bình nước nóng Rossi 20 lít,\r\nchỗ chờ cho máy giặt <=7kg (gồm vòi, ống thoát và nguồn điện).\r\n- Hệ thống điện: Aptomat tổng, aptomat riêng cho bếp điện và aptomat riêng\r\ncho bình nước nóng, dây điện tổng 2x4mm rất an toàn, công tắc đảo chiều\r\ntại cửa và đầu giường rất thuận tiện\r\n- Hệ thống điện nhẹ: dây truyền hình cáp, ổ cắm internet tốc độ trong phòng, wifi các tầng.\r\n- Hệ thống an ninh - an toàn: Camera quan sát cổng, nhà xe và cầu thang các tầng, tủ chống cháy vách tường.\r\n- Nơi để xe: Rất rộng\r\n- Cầu thang: Tiêu chuẩn Quốc tế, dễ đi và không bị mỏi (thân thang: 1m,\r\nbậc thang rộng 29cm, bậc thang cao 16,8cm, lan can cao 90cm)', 2900000, 28, 0, '6 Ngõ 207 Đường Xuân Đỉnh, Xuân Đỉnh, Từ Liêm, Hà Nội, Việt Nam', '{\"0\":\"21.0706626\",\"1\":null}', '{\"0\":\"no_img_room.png\"}', 11, 4, 7, '{\"0\":\"Kh\\u00f4ng chung ch\\u1ee7\",\"1\":\"T\\u1ee7 + gi\\u01b0\\u1eddng\",\"2\":\"C\\u00f3 g\\u00e1c l\\u1eedng\"}', 0, '2020-07-26 10:43:36', '2020-07-26 10:53:47', '0903494349', 1, 'can-ho-chung-cu-mini-trung-cap-moi-tinh-tuyet-dep-cho-ho-gia-dinh-nho-va-dan-van-phong-thue-duoi-3-trieu-tai-xuan-dinh'),
(88, 'Cho thuê nhà ngõ 117 Xuân Đỉnh 2T x 2PN Giá 7.5tr / tháng', '1. Thông tin căn hộ:\r\n- DT: 60m2x2T\r\n- MT: 5m\r\n2. Thiết kế căn hộ\r\n+ Tầng 1: 1 sân 20m2 + 1 phòng khách + 1 bếp + 1 wc + 1 phòng ngủ\r\n+ Tầng 2: 1 phòng ngủ\r\n3. Nội thất\r\n- Cơ bản: điều hòa, tủ bếp..\r\n4. Thông tin thêm\r\n- Gần đường Xuân Đỉnh ô tô tránh\r\n- Nằm sát tuyến đường lớn của thành phố: Phạm Văn Đồng..\r\n- Gần chợ, trường tiều học, trung học Xuân Đỉnh\r\n- Khu vực an ninh tốt\r\n5. Giá\r\n- 7.5 triệu / tháng (TL)\r\n-Thanh toán 3 cọc 1\r\nHOTLINE : 0986 388 254 hoặc trao đổi Zalo', 7500000, 60, 1, '21, Thôn Lộc, Xã Xuân Đỉnh, Huyện Từ Liêm, Thành Phố Hà Nội, Xuân Đỉnh, Bắc Từ Liêm, Hà Nội, Việt Nam', '{\"0\":\"21.0739704\",\"1\":\"105.790872\"}', '{\"0\":\"phongtro-2JOE5-cho-thue-nha-ngo-117-xuan-dinh-2t-x-2pn-gia-75tr-thang-1593696507rrvlz-t1kb7.jpg\"}', 11, 3, 7, '{\"0\":\"Wifi mi\\u1ec5n ph\\u00ed\",\"1\":\"Kh\\u00f4ng chung ch\\u1ee7\",\"2\":\"Gi\\u1edd gi\\u1ea5c t\\u1ef1 do\",\"3\":\"V\\u1ec7 sinh ri\\u00eang\"}', 0, '2020-07-26 10:46:20', '2020-08-04 08:59:30', '0986 388 254', 1, 'cho-thue-nha-ngo-117-xuan-dinh-2t-x-2pn-gia-7-5tr-thang'),
(89, 'Cho thuê nhà riêng ngõ 43 Cổ Nhuế. DT : 52 x 4T , MT : 4m. Giá 9,5 triệu', '1. Thông tin căn hộ- Diện tích sàn xây dựng 52 ( 60m2 ) m2*4tầng.\r\n- Sân trước rộng 3 m2.\r\n- Mặt tiền : 4m\r\n2. Thiết kế căn hộ\r\n- Nhà thiết kế 4pn .\r\n- T1 : Nhà bếp , nhà khách\r\n- T2 : 2 ngủ , 1vs\r\n- T3 : 2 ngủ , 1 vs\r\n- T4 : sân phơi , phòng thờ\r\n3. Nội thất :\r\n- Tủ bếp , 1 điều hoà , nóng lạnh , tủ lạnh , giường , tủ quần áo , bàn làm việc .... gần như đã full đồ chỉ\r\n4. Thông tin thêm\r\n- Ngõ thông , khu dân cư yên tĩnh\r\n- An ninh đảm bảo\r\n- Phù hợp cho hộ gia đình , người đi làm\r\n5. Giá\r\n- Giá 9,5 triệu\r\n- Tiến độ thanh toán : đóng 3 cọc 1\r\n- ô tô vào được ngõ', 9500000, 60, 0, '401 Ngõ 401 Đường Cổ Nhuế, Cổ Nhuế, Bắc Từ Liêm, Hà Nội, Việt Nam', '{\"0\":\"21.0672056\",\"1\":\"105.7783595\"}', '{\"0\":\"phongtro-jHOTH-cho-thue-phong-khep-kin-moi-dep-day-du-tien-nghi-gan-hv-tai-chinh-dh-thuong-mai-resized-5bycy.jpg\"}', 11, 3, 7, 'null', 0, '2020-07-26 10:48:14', '2020-07-26 10:53:56', '0986029165', 1, 'cho-thue-nha-rieng-ngo-43-co-nhue-dt-52-x-4t-mt-4m-gia-9-5-trieu'),
(90, 'Cho thuê phòng trọ có ban công tại Cổ Nhuế - Trần Cung', 'PHÒNG TRỌ CÓ BAN CÔNG THOÁNG MÁT\r\nChính chủ cho thuê phòng CCMN mới xây xong, cực kì thoáng mát. Nằm ở vị trí trung tâm, đi 500m ra khu đô thị Thành Phố Giao Lưu, tòa nhà An Bình, Thái Hà. Cách đường Phạm Văn Đồng 200m, gần Công Viên Hòa Bình\r\nPhòng nào cũng có ban công thoáng mát, nhà hướng Nam\r\nPhòng đầy đủ nội thất: nóng lạnh, điều hòa, giường, tủ, quạt trần, bàn học, sofa( tùy phòng)\r\nGần chợ Cổ Nhuế, cửa hàng Vinmar ngay đầu ngõ\r\nPhòng thiết kế rộng rãi, thoáng mát. Diện tích từ 25 - 30m2 với giá từ 3tr3 - 3450 - 3tr6\r\nNhà có thang máy siêu xịn sò, sân thượng cực kì rộng rãi, có thể vui chơi thoải mái\r\nPhòng mới như hình, nói không với ảnh ảo, ảnh mạng\r\nĐịa chỉ: số 54 ngõ 43 Cổ Nhuế\r\nLH xem phòng: 0328.562.111', 3300000, 30, 0, '132 Ngõ 43 Cổ Nhuế, Cổ Nhuế, Từ Liêm, Hà Nội, Việt Nam', '{\"0\":\"21.0587168\",\"1\":\"105.7788638\"}', '{\"0\":\"phongtro-ikr0N-cho-thue-phong-tro-co-ban-cong-tai-co-nhue-tran-cung-resized-eykvc.jpg\"}', 11, 1, 7, '{\"0\":\"Kh\\u00f4ng chung ch\\u1ee7\",\"1\":\"T\\u1ee7 + gi\\u01b0\\u1eddng\",\"2\":\"Wifi mi\\u1ec5n ph\\u00ed\",\"3\":\"V\\u1ec7 sinh ri\\u00eang\"}', 0, '2020-07-26 10:49:52', '2020-07-26 10:54:02', '0328.562.111', 1, 'cho-thue-phong-tro-co-ban-cong-tai-co-nhue-tran-cung'),
(91, 'Cho thuê nhà riêng,văn phòng tại ngõ 42 Trần Cung', '1. Thông tin căn hộ:- DT 52m2x5T (sổ đỏ chính chủ)\r\n- MT 3.7m\r\n2. Thiết kế căn hộ\r\n+ Tầng 1: 1 phòng to + 1 phòng nhỏ + 1 gác lửng + 1 wc\r\n+ Tầng 2: 1 phòng to (sàn gỗ) + 1 phòng nhỏ + 1 wc\r\n+ Tầng 3: 1 phòng to (sàn gỗ) + 1 phòng nhỏ + 1 wc\r\n+ Tầng 4: 1 phòng to (sàn gỗ) + 1 phòng bếp\r\n+ Tầng 5: 1 phòng thờ + 1 nhỏ + phơi quần áo\r\n3. Nội thất\r\n- Tủ bếp, điều hòa, tủ quần áo to...\r\n4. Thông tin thêm\r\n- Cách 100m là đường lớn Trần Cung, 250m là đường Hoàng Quốc Việt\r\n- Vị trí siêu trung tâm, giáp với tuyến đường lớn, trục đường giao thông huyết mạch của Hà Nội: Phạm Văn Đồng, vành đai 3..\r\n- Khu dân trí cao, an ninh tốt\r\n- Ngõ rộng, ô tô vô tư tránh\r\n- Tích hợp nhiều tiện ích: bán kính 5 km là trung tâm mua sắm Vinmart, Bệnh Viện E, trường CĐ Du lịch, trường Đại học Điện Lực, Sư Phạm, Ngoại Ngữ, Quốc Gia..., bến xe Mỹ Đình, cách nội thành 10km\r\n- Chính chủ mong muốn cho thuê mọi mô hình kinh doanh\r\n5. Giá\r\n- Giá chào 22 triệu, giá chốt 18 triệu / tháng\r\n-Thanh toán 3 cọc 1', 22000000, 260, 0, '16 Ngõ 42 Trần Cung, Cổ Nhuế, Bắc Từ Liêm, Hà Nội, Việt Nam', '{\"0\":\"21.0478166\",\"1\":\"105.7906732\"}', '{\"0\":\"phongtro-WoqgW-cho-thue-nha-riengvan-phong-tai-ngo-42-tran-cung52m2x5tbac-tu-liemha-noi-resized-uid6j.jpg\"}', 11, 3, 6, '{\"0\":\"C\\u00f3 g\\u00e1c l\\u1eedng\",\"1\":\"Wifi mi\\u1ec5n ph\\u00ed\",\"2\":\"T\\u1ee7 + gi\\u01b0\\u1eddng\"}', 0, '2020-07-26 10:51:39', '2020-07-26 10:54:06', '0354220731', 1, 'cho-thue-nha-rieng-van-phong-tai-ngo-42-tran-cung'),
(92, 'Cho thuê văn phòng,mặt bằng kinh doanh tại ngõ 104 Cổ Nhuế,Bắc Từ Liêm,Hà Nội', '1. THÔNG TIN MẶT BẰNG\r\n- Diện tích  80m2x3 tầng (2 cửa nhưng thông nhau)\r\n\r\n- MT : 10m,ô tô đỗ trước cửa,đánh hẳn vào trong sân\r\n- Hướng : Bắc\r\n2. THIẾT KẾ CĂN HỘ \r\n\r\n\r\n+ Tầng 1 : Sàn + 1 WC\r\n+ Tầng 2 :  1 phòng (nhưng ngăn chia ra 2 phòng được) 1 WC\r\n+ Tầng 3 :  1 phòng (nhưng ngăn chia ra đc 2 phòng được)  + 1 WC\r\n- Tình trạng căn hộ : Đang trống\r\n3. NỘI THẤT\r\n-Điều hoà (hỗ trợ khách lắp nếu khách cần),hệ thống đèn\r\n-Thiết bị vệ sinh\r\n\r\n\r\n\r\n4. THÔNG TIN THÊM \r\n\r\n-Ở chỗ sầm uất,yên tĩnh,thuân tiện cho văn phòng\r\n-Nằm ở đường 2 chiều Cổ Nhuế,\r\n-Gần công viên Hòa Bình...\r\n-Mát mẻ,xung quanh nhiều cây cối văn phòng,trung tâm dậy học...\r\n-Gần các trường tiểu học,trung học,đại học,mầm non\r\n5. GIÁ\r\n\r\n-  Hình thức thanh toán : Đóng 6 cọc 1,3 cọc 1 ( Tùy nhu cầu của khách)\r\n-  Gía mong muốn: 27triệu (có thể thương lượng)\r\n- Nhu cầu kinh doanh:Văn phòng,mặt bằng kinh doanh (Không cho thuê hàng ăn +nhà nghỉ)', 15000000, 240, 0, '37 Ngõ 104 Cổ Nhuế, Cổ Nhuế, Từ Liêm, Hà Nội, Việt Nam', '{\"0\":\"21.0626416\",\"1\":\"105.7821964\"}', '{\"0\":\"phongtro-F2lPR-cho-thue-van-phongmat-bang-kinh-doanh-tai-ngo-104-co-nhuebac-tu-liemha-noi-5g05k.jpg\"}', 11, 3, 7, '{\"0\":\"T\\u1ee7 + gi\\u01b0\\u1eddng\",\"1\":\"Kh\\u00f4ng chung ch\\u1ee7\",\"2\":\"Wifi mi\\u1ec5n ph\\u00ed\",\"3\":\"V\\u1ec7 sinh ri\\u00eang\",\"4\":\"Gi\\u1edd gi\\u1ea5c t\\u1ef1 do\",\"5\":\"C\\u00f3 g\\u00e1c l\\u1eedng\"}', 0, '2020-07-26 10:53:14', '2020-07-26 10:54:11', '0354220731', 1, 'cho-thue-van-phong-mat-bang-kinh-doanh-tai-ngo-104-co-nhue-bac-tu-liem-ha-noi'),
(93, 'Thuê phòng trọ', 'sgdjgsjdgsgsdsysiydiygiiygsdgydgysysydgyuyguygg', 3000000, 20, 0, '401 Ngõ 401 Đường Cổ Nhuế, Cổ Nhuế, Bắc Từ Liêm, Hà Nội, Việt Nam', '{\"0\":\"21.0672056\",\"1\":\"105.7783595\"}', '{\"0\":\"phongtro-lY9oE-can-ho-chung-cu-mini-trung-cap-moi-tinh-tuyet-dep-cho-ho-gia-dinh-nho-va-dan-van-phong-thue-duoi-3-trieu-tai-xuan-dinh-di9da.jpg\"}', 12, 1, 7, '{\"0\":\"Wifi mi\\u1ec5n ph\\u00ed\",\"1\":\"C\\u00f3 g\\u00e1c l\\u1eedng\",\"2\":\"T\\u1ee7 + gi\\u01b0\\u1eddng\"}', 1, '2020-07-26 19:20:17', '2020-07-26 19:23:48', '0944687705', 1, 'thue-phong-tro'),
(94, 'Tìm nữ ở ghép số 43 Ngõ Thống Nhất Đường Đại La', 'dqwfefwefweffr', 323124, 32, 0, '124 Âu Cơ, Tứ Liên, Tây Hồ, Hà Nội, Việt Nam', '{\"0\":\"21.0630099\",\"1\":\"105.832185\"}', '{\"0\":\"no_img_room.png\"}', 11, 1, 1, '{\"0\":\"Wifi mi\\u1ec5n ph\\u00ed\"}', 0, '2020-07-29 09:37:47', '2020-07-29 09:37:47', '12424234324', 0, 'tim-nu-o-ghep-so-43-ngo-thong-nhat-duong-dai-la-1');

-- --------------------------------------------------------

--
-- Cấu trúc bảng cho bảng `password_resets`
--

CREATE TABLE `password_resets` (
  `email` varchar(255) COLLATE utf8mb4_unicode_ci NOT NULL,
  `token` varchar(255) COLLATE utf8mb4_unicode_ci NOT NULL,
  `created_at` timestamp NULL DEFAULT NULL
) ENGINE=InnoDB DEFAULT CHARSET=utf8mb4 COLLATE=utf8mb4_unicode_ci;

-- --------------------------------------------------------

--
-- Cấu trúc bảng cho bảng `rating`
--

CREATE TABLE `rating` (
  `id` int(10) NOT NULL,
  `id_user` int(10) NOT NULL,
  `id_motel` int(10) NOT NULL,
  `rate` int(11) NOT NULL,
  `comment` text COLLATE utf8_unicode_ci NOT NULL,
  `status` int(11) NOT NULL,
  `created_at` timestamp NOT NULL DEFAULT current_timestamp() ON UPDATE current_timestamp(),
  `updated_at` timestamp NOT NULL DEFAULT current_timestamp()
) ENGINE=InnoDB DEFAULT CHARSET=utf8 COLLATE=utf8_unicode_ci;

--
-- Đang đổ dữ liệu cho bảng `rating`
--

INSERT INTO `rating` (`id`, `id_user`, `id_motel`, `rate`, `comment`, `status`, `created_at`, `updated_at`) VALUES
(9, 9, 10, 3, 'kj', 1, '2020-07-21 17:22:10', '2020-07-21 10:22:10'),
(15, 11, 15, 5, 'Phòng trọ như hình!!!!', 1, '2020-07-21 17:22:14', '2020-07-21 10:22:14'),
(16, 10, 15, 5, 'Phòng đẹp đúng như miêu tả ạ', 1, '2020-07-21 17:22:18', '2020-07-21 10:22:18'),
(17, 11, 13, 5, 'Lan xinh gái', 1, '2020-07-26 12:59:50', '2020-07-26 05:59:50'),
(18, 11, 30, 5, 'Phòng đẹp', 1, '2020-07-26 13:15:14', '2020-07-26 06:15:14'),
(19, 11, 19, 4, 'Tương đối tốt', 1, '2020-07-26 17:56:18', '2020-07-26 10:56:18'),
(20, 11, 62, 5, 'Good', 1, '2020-07-26 17:56:22', '2020-07-26 10:56:22'),
(21, 11, 12, 5, 'djaskjfkkdfkod', 1, '2020-07-27 02:06:02', '2020-07-26 19:06:02');

-- --------------------------------------------------------

--
-- Cấu trúc bảng cho bảng `reports`
--

CREATE TABLE `reports` (
  `id` int(10) UNSIGNED NOT NULL,
  `ip_address` varchar(255) COLLATE utf8mb4_unicode_ci NOT NULL,
  `id_motelroom` int(11) NOT NULL,
  `status` int(11) NOT NULL,
  `created_at` timestamp NULL DEFAULT NULL,
  `updated_at` timestamp NULL DEFAULT NULL
) ENGINE=InnoDB DEFAULT CHARSET=utf8mb4 COLLATE=utf8mb4_unicode_ci;

--
-- Đang đổ dữ liệu cho bảng `reports`
--

INSERT INTO `reports` (`id`, `ip_address`, `id_motelroom`, `status`, `created_at`, `updated_at`) VALUES
(1, '127.0.0.1', 7, 2, '2018-05-19 01:30:32', '2018-05-19 01:30:32'),
(2, '127.0.0.1', 7, 1, '2018-05-24 07:24:17', '2018-05-24 07:24:17'),
(3, '127.0.0.1', 1, 2, '2018-05-24 07:24:33', '2018-05-24 07:24:33'),
(4, 'UNKNOWN', 12, 2, '2020-07-25 05:34:23', '2020-07-25 05:34:23'),
(5, 'UNKNOWN', 12, 2, '2020-07-25 05:39:08', '2020-07-25 05:39:08');

-- --------------------------------------------------------

--
-- Cấu trúc bảng cho bảng `users`
--

CREATE TABLE `users` (
  `id` int(10) UNSIGNED NOT NULL,
  `name` varchar(255) COLLATE utf8mb4_unicode_ci NOT NULL,
  `username` varchar(255) COLLATE utf8mb4_unicode_ci NOT NULL,
  `email` varchar(255) COLLATE utf8mb4_unicode_ci NOT NULL,
  `password` varchar(255) COLLATE utf8mb4_unicode_ci NOT NULL,
  `right` int(11) NOT NULL DEFAULT 0,
  `phone` varchar(255) COLLATE utf8mb4_unicode_ci DEFAULT NULL,
  `avatar` varchar(255) COLLATE utf8mb4_unicode_ci NOT NULL DEFAULT 'no-avatar.jpg',
  `remember_token` varchar(100) COLLATE utf8mb4_unicode_ci DEFAULT NULL,
  `status` int(11) NOT NULL DEFAULT 1,
  `created_at` timestamp NULL DEFAULT NULL,
  `updated_at` timestamp NULL DEFAULT NULL,
  `tinhtrang` int(11) NOT NULL DEFAULT 1
) ENGINE=InnoDB DEFAULT CHARSET=utf8mb4 COLLATE=utf8mb4_unicode_ci;

--
-- Đang đổ dữ liệu cho bảng `users`
--

INSERT INTO `users` (`id`, `name`, `username`, `email`, `password`, `right`, `phone`, `avatar`, `remember_token`, `status`, `created_at`, `updated_at`, `tinhtrang`) VALUES
(1, 'Thành Trung', 'admin', 'thanhtrungit.dev@gmail.com', '$2y$10$0U/rTGgDXcZFEz0VCRAX2umuSMpYCIWCfBj8WdPx6wj1eCf20P9ga', 1, NULL, 'avatar-admin-1526708699.jpg', '57HmAENzuSwb4o8DFiPDm5HQ5WsjNt9n4wfHnCBZo2ggVyq5OXltJtCHtcXG', 1, '2018-05-18 22:44:01', '2018-05-18 22:44:59', 1),
(2, 'Tất Nhạc', 'tatnhac', 'tatnhac@gmail.com', '$2y$10$w68K356705u4SR1HUmzchOBR1nklo6yDvZ/VzvG0bhQRB9j4QFzwK', 0, NULL, 'no-avatar.jpg', 'j4m9NmrzLAKw6E6MxKE067XbMQegswMBoAjuC5PvnUcAjrF7FpZcPkfrqLbR', 1, '2018-05-19 00:50:52', '2018-05-19 00:50:52', 1),
(3, 'Văn Phúc', 'vanphuc', 'vanphuc@gmail.com', '$2y$10$Dbd1QmmlWGV.uYqi9KpTVuD2yKMgqs5fbHVNn5jMeOReaqh79T7gq', 0, NULL, 'no-avatar.jpg', 'BxvBGC60U40Wu1TADa2zk3MrPujWPoaymjboNSoCk9jQethQp2TXEXWO9EbG', 1, '2018-05-19 01:02:17', '2018-05-19 01:02:17', 1),
(4, 'Bảo Ngọc', 'baongoc', 'baongoc@gmail.com', '$2y$10$eMiGI1HA.u0IWJpLT1Wjlec3ojGbDhAmmnITN5Erga6t/GUpzjex.', 0, NULL, 'avatar-baongoc-1526717688.png', 'o9qTtYf2aoyY3imWqUmqLBkNoR7luVz3qoD3JslTmVpQyfapdx6JnZ0r3A9e', 1, '2018-05-19 01:11:11', '2018-05-19 01:14:48', 1),
(5, 'chien', 'chien', 'chien@gmail.com', '698d51a19d8a121ce581499d7b701668', 0, NULL, 'no-avatar.jpg', NULL, 1, NULL, NULL, 1),
(6, 'nqc', 'quangchien', 'chienictu@gmail.com', '$2y$10$b6Uwpwpb/7D5TSFbE5jQlu7pMtWuugy56k.jLc8rXFaAaJW/8OjQm', 0, NULL, 'avatar-quangchien-1594892302.jpg', 'RMqmRKELW4CzOxbl06NxezRQ3rp2hPXiZUFDQDTUFw0xsx6ZZbX7HK828Axj', 1, '2020-07-15 20:18:49', '2020-07-16 02:38:22', 1),
(7, 'admin', 'admin', 'admin', '$2y$10$b6Uwpwpb/7D5TSFbE5jQlu7pMtWuugy56k.jLc8rXFaAaJW/8OjQm', 1, NULL, 'no-avatar.jpg', 'RMqmRKELW4CzOxbl06NxezRQ3rp2hPXiZUFDQDTUFw0xsx6ZZbX7HK828Axj', 1, NULL, NULL, 1),
(8, '123', '123456', '123@g.b', '$2y$10$b6Uwpwpb/7D5TSFbE5jQlu7pMtWuugy56k.jLc8rXFaAaJW/8OjQm', 0, NULL, 'no-avatar.jpg', NULL, 1, '2020-07-16 02:56:08', '2020-07-16 02:56:08', 2),
(9, '2222222', '2222222', '2222222@s.c', '$2y$10$qNiZnX4D6bIkmcfu8PPgoOcaPbtauH6h9RqE5PIYrkFqsB7MNmQt6', 0, NULL, 'no-avatar.jpg', '4gx8jvaqpTwx2h06ed17wt6bHfqTmipEeREu9Cku3W5yFfsEaFau9FgGI4z7', 1, '2020-07-16 02:58:29', '2020-07-16 03:21:44', 1),
(10, '666666', '666666', 'quangchienicty@gmail.com', '$2y$10$w2HIYr.42v5zTAq3lDyACenLpMlSQMMtRVKK2YkRQGYDkKxpdwHU2', 1, NULL, 'avatar-666666-1595181859.jpg', '96rW773OroHp8Ro2sCATAWPw0cBixX9IZnPOk9QF2QcwNLJfqLtxuJtGpeD2', 1, '2020-07-16 03:17:53', '2020-07-19 11:04:19', 1),
(11, 'Ngọc Lan', 'admin admin', 'ngoclan.neon@gmail.com', '$2y$10$FTYA1AnRbZKjOXEMlatIE.gF1H7cbiFx6bQTVX0F7hIgoJeojs5N6', 1, NULL, 'avatar-admin admin-1595766134.jpg', 'MSn7LQjDwTeHTzwrC2nJhniT1qNBNQ3T7i3CcripjhuiscHgThBlcNLBYmeG', 1, '2020-07-19 11:00:32', '2020-07-29 08:09:28', 1),
(12, 'dang van nam', 'dang van nam', 'dangvannam1985@gmail.com', '$2y$10$W.TC7aP8bIA/ol1vz/nboenNjzEwJodXP8tmgG7yS1dBX8DBZ7NGq', 0, NULL, 'no-avatar.jpg', NULL, 1, '2020-07-26 19:17:18', '2020-07-26 19:17:32', 1),
(13, 'Lan KHMT', 'Lan Lan', 'baobaoboiboi112@gmail.com', '$2y$10$ZbZD67566I9JzK97qU5mFeJeYoh/e.r7QrXvmyLKtb1vcRpfUQuLi', 0, NULL, 'no-avatar.jpg', NULL, 1, '2020-07-29 09:23:10', '2020-07-29 09:23:10', 2);

--
-- Chỉ mục cho các bảng đã đổ
--

--
-- Chỉ mục cho bảng `categories`
--
ALTER TABLE `categories`
  ADD PRIMARY KEY (`id`);

--
-- Chỉ mục cho bảng `districts`
--
ALTER TABLE `districts`
  ADD PRIMARY KEY (`id`);

--
-- Chỉ mục cho bảng `migrations`
--
ALTER TABLE `migrations`
  ADD PRIMARY KEY (`id`);

--
-- Chỉ mục cho bảng `motelrooms`
--
ALTER TABLE `motelrooms`
  ADD PRIMARY KEY (`id`),
  ADD KEY `motelrooms_user_id_foreign` (`user_id`);

--
-- Chỉ mục cho bảng `rating`
--
ALTER TABLE `rating`
  ADD PRIMARY KEY (`id`);

--
-- Chỉ mục cho bảng `reports`
--
ALTER TABLE `reports`
  ADD PRIMARY KEY (`id`);

--
-- Chỉ mục cho bảng `users`
--
ALTER TABLE `users`
  ADD PRIMARY KEY (`id`);

--
-- AUTO_INCREMENT cho các bảng đã đổ
--

--
-- AUTO_INCREMENT cho bảng `categories`
--
ALTER TABLE `categories`
  MODIFY `id` int(10) UNSIGNED NOT NULL AUTO_INCREMENT, AUTO_INCREMENT=5;

--
-- AUTO_INCREMENT cho bảng `districts`
--
ALTER TABLE `districts`
  MODIFY `id` int(10) UNSIGNED NOT NULL AUTO_INCREMENT, AUTO_INCREMENT=13;

--
-- AUTO_INCREMENT cho bảng `migrations`
--
ALTER TABLE `migrations`
  MODIFY `id` int(10) UNSIGNED NOT NULL AUTO_INCREMENT, AUTO_INCREMENT=12;

--
-- AUTO_INCREMENT cho bảng `motelrooms`
--
ALTER TABLE `motelrooms`
  MODIFY `id` int(10) UNSIGNED NOT NULL AUTO_INCREMENT, AUTO_INCREMENT=95;

--
-- AUTO_INCREMENT cho bảng `rating`
--
ALTER TABLE `rating`
  MODIFY `id` int(10) NOT NULL AUTO_INCREMENT, AUTO_INCREMENT=22;

--
-- AUTO_INCREMENT cho bảng `reports`
--
ALTER TABLE `reports`
  MODIFY `id` int(10) UNSIGNED NOT NULL AUTO_INCREMENT, AUTO_INCREMENT=6;

--
-- AUTO_INCREMENT cho bảng `users`
--
ALTER TABLE `users`
  MODIFY `id` int(10) UNSIGNED NOT NULL AUTO_INCREMENT, AUTO_INCREMENT=14;

--
-- Các ràng buộc cho các bảng đã đổ
--

--
-- Các ràng buộc cho bảng `motelrooms`
--
ALTER TABLE `motelrooms`
  ADD CONSTRAINT `motelrooms_user_id_foreign` FOREIGN KEY (`user_id`) REFERENCES `users` (`id`) ON DELETE CASCADE;
COMMIT;

/*!40101 SET CHARACTER_SET_CLIENT=@OLD_CHARACTER_SET_CLIENT */;
/*!40101 SET CHARACTER_SET_RESULTS=@OLD_CHARACTER_SET_RESULTS */;
/*!40101 SET COLLATION_CONNECTION=@OLD_COLLATION_CONNECTION */;
